b0,door0,door4,door9,door11
b1,door1,door2,door7
b2,door0,door1,door4
b10,door13
b13,door5
b14,door8
b18,door19
b19,door9
b20,door7,door16
b21,door7,door10
b23,door6,door18
b28,door15,door17
b29,door15
b38,door14
b39,door3,door12
|f,f,f,f,f,f,f,f,f,f,f,f,f,f,f,f,f,f,f,f,f,f,f,f,f,f,f,f,f,f,f,f,f,f,f,f,f,f,f,f,f,f,f,f,f,f,f,f,f,f,f,f,f,f,f,f,f,f,f,f,f,f,f,f,f,f,f,f,f,f,f,f,f,f,f,f,f,f,f,f,f,f,f,f,f,f,f,f,f,f,f,f,f,f,f,f,f,f,f,f
f,f,f,f,f,f,f,f,f,f,f,f,f,f,f,f,f,f,f,f,f,f,f,f,f,f,f,f,f,f,f,f,f,f,f,f,f,f,f,f,f,f,f,f,f,f,f,f,f,f,f,f,f,f,f,f,f,f,f,f,f,f,f,f,f,f,f,f,f,f,f,f,f,f,f,f,f,f,f,f,f,f,f,f,f,f,f,f,f,f,f,f,f,f,f,f,f,f,f,f
f,f,f,f,f,f,f,f,f,f,f,f,f,f,f,f,f,f,f,f,f,f,f,f,f,f,f,f,f,f,f,f,f,f,f,f,f,f,f,f,f,f,f,f,f,f,f,f,f,f,f,f,f,f,f,f,f,f,f,f,f,f,f,f,f,f,f,f,f,f,f,f,f,f,f,f,f,f,f,f,f,f,f,f,f,f,f,f,f,f,f,f,f,f,f,f,f,f,f,f
f,f,f,f,f,f,f,f,f,f,f,f,f,w,w,w,w,w,w,w,w,w,w,w,w,w,w,w,w,w,w,w,w,w,w,w,w,w,w,w,w,w,w,w,w,w,w,w,w,w,w,w,w,w,w,w,w,w,w,w,w,w,w,w,w,w,w,w,w,w,w,w,w,w,w,w,w,f,f,f,f,f,f,f,f,f,f,f,f,f,f,f,f,f,f,f,f,f,f,f
f,f,f,f,f,f,f,f,f,f,f,f,f,w,f,f,f,f,f,f,f,f,f,f,f,f,f,f,f,f,f,f,f,f,f,f,f,f,f,f,f,f,f,f,f,f,f,f,f,f,f,f,f,f,f,f,f,f,f,f,f,f,f,f,f,f,f,f,f,f,f,f,f,f,f,f,w,f,f,f,f,f,f,f,f,f,f,f,f,f,f,f,f,f,f,f,f,f,f,f
f,f,f,f,f,f,f,f,f,f,f,f,f,w,f,f,f,f,f,f,f,f,f,f,f,f,f,f,f,f,f,f,f,f,f,f,f,f,f,f,f,f,f,f,f,f,f,f,f,f,f,f,f,f,f,f,f,f,f,f,f,f,f,f,f,f,f,f,f,f,f,f,f,f,f,f,w,f,f,f,f,f,f,f,f,f,f,f,f,f,f,f,f,f,f,f,f,f,f,f
f,f,f,f,f,f,f,f,f,f,f,f,f,w,f,f,w,w,w,w,w,w,w,w,w,w,w,w,w,w,w,w,w,w,w,w,w,w,w,w,w,w,w,w,w,w,w,w,w,w,w,w,w,w,w,w,w,w,w,w,w,w,w,w,w,w,w,w,w,w,w,w,w,w,f,f,w,f,f,f,f,f,f,f,f,f,f,f,f,f,f,f,f,f,f,f,f,f,f,f
f,f,f,f,f,f,f,f,f,f,f,f,f,w,f,f,w,f,f,f,f,f,f,f,f,f,f,f,f,f,f,f,f,f,f,f,f,f,f,f,f,f,f,f,f,f,f,f,f,f,f,f,f,f,f,f,f,f,f,f,f,f,f,f,f,f,f,f,f,f,f,f,f,w,f,f,w,f,f,f,f,f,f,f,f,f,f,f,f,f,f,f,f,f,f,f,f,f,f,f
f,f,f,f,f,f,f,f,f,f,f,f,f,w,f,f,w,f,f,f,f,f,f,f,f,f,f,f,f,f,f,f,f,f,f,f,f,f,f,f,f,f,f,f,f,f,f,f,f,f,f,f,f,f,f,f,f,f,f,f,f,f,f,f,f,f,f,f,f,f,f,f,f,w,f,f,w,f,f,f,f,f,f,f,f,f,f,f,f,f,f,f,f,f,f,f,f,f,f,f
f,f,f,f,f,f,f,f,f,f,f,f,f,w,f,f,w,f,f,f,f,f,f,f,f,f,f,f,f,f,f,f,f,f,f,f,f,f,f,f,f,f,f,f,f,f,f,f,f,f,f,f,f,f,f,f,f,f,f,f,f,f,f,f,f,f,f,f,f,f,f,f,f,w,f,f,w,f,f,f,f,f,f,f,f,f,f,f,f,f,f,f,f,f,f,f,f,f,f,f
f,f,f,f,f,f,f,f,f,f,f,f,f,w,f,f,w,f,f,f,f,f,f,f,f,f,f,f,f,f,f,f,f,f,f,f,f,f,f,f,f,f,f,f,f,f,f,f,f,f,f,f,f,f,f,f,f,f,f,f,f,f,f,f,f,f,f,f,f,f,w,w,w,w,f,f,w,w,w,w,f,f,f,f,f,f,f,f,f,f,f,f,f,f,f,f,f,f,f,f
f,f,f,f,f,f,f,f,f,f,f,f,f,w,f,f,w,f,f,f,f,f,f,f,f,f,f,f,f,f,f,f,f,f,f,f,f,f,f,f,f,f,f,f,f,f,f,f,f,f,f,f,f,f,f,f,f,f,f,f,f,f,f,f,f,f,f,f,f,f,w,f:b^b28,f,f,f,f,f,f,f,w,f,f,f,f,f,f,f,f,f,f,f,f,f,f,f,f,f,f,f,f
f,f,f,f,f,f,f,f,f,f,f,f,f,w,f,f,w,f,f,f,f,f,f,f,f,f,f,f,f,f,f,f,f,f,f,f,f,f,f,f,f,f,f,f,f,f,f,f,f,f,f,f,f,f,f,f,f,f,f,f,f,f,f,f,f,f,f,f,f,f,w,f:b^b31,f,f,f,f,f,f,f:b^b30,w,f,f,f,f,f,f,f,f,f,f,f,f,f,f,f,f,f,f,f,f
f,f,f,f,f,f,f,f,f,f,f,f,f,w,f,f,w,f,f,f,f,f,f,f,f,f,f,f,f,f,f,f,f,f,f,f,f,f,f,f,f,f,f,f,f,f,f,f,f,f,f,f,f,f,f,f,f,f,f,f,f,f,f,f,f,f,f,f,f,f,w,f:b^b29,f,f,f,f,f,f,f,w,w,w,w,w,w,w,w,f,f,f,f,f,f,f,f,f,f,f,f,f
f,f,f,f,f,f,f,f,f,f,f,f,f,w,f,f,w,f,f,f,f,f,f,f,f,f,f,f,f,f,f,f,f,f,f,f,f,f,f,f,f,f,f,f,f,f,f,f,f,f,f,f,f,f,f,f,f,f,f,f,f,f,f,f,f,f,f,f,f,f,w,f,f,f,f,f,f,f,f,f,f:d>w^door17,f,f,f,f,f,w,f,f,f,f,f,f,f,f,f,f,f,f,f
f,f,f,f,f,f,f,f,f,f,f,f,f,w,f,f,w,f,f,f,f,f,f,f,f,f,f,f,f,f,f,f,f,f,f,f,f,f,f,f,f,f,f,f,f,f,f,f,f,f,f,f,f,f,f,f,f,f,f,f,f,f,f,f,f,f,f,f,f,f,w,f,f,f,f,f,f,f,f,f,w,w,f,f,f,f,w,f,f,f,f,f,f,f,f,f,f,f,f,f
f,f,f,f,f,f,f,f,f,f,f,f,f,w,f,f,w,f,f,f,f,f,f,f,f,f,f,f,f,f,f,f,f,f,f,f,f,f,f,f,f,f,f,f,f,f,f,f,f,f,f,f,f,f,f,f,f,f,f,f,f,f,f,f,f,f,f,f,f,f,w,f,f,f,f,f,f,f,f,w,w,w,w,w,f,f,w,f,f,f,f,f,f,f,f,f,f,f,f,f
f,f,f,f,f,f,f,f,f,f,f,f,f,w,f,f,w,f,f,f,f,f,f,f,f,f,f,f,f,f,f,f,f,f,f,f,f,f,f,f,f,f,f,f,f,f,f,f,f,f,f,f,f,f,f,f,f,f,f,f,f,f,f,f,f,f,f,f,f,f,w,f,f,f,f,f,f,f,f,w,f,f,f,w,f,f,w,f,f,f,f,f,f,f,f,f,f,f,f,f
f,f,f,f,f,f,f,f,f,f,f,f,f,w,f,f,w,f,f,f,f,f,f,f,f,f,f,f,f,f,f,f,f,f,f,f,f,f,f,f,f,f,f,f,f,f,f,f,f,f,f,f,f,f,f,f,f,f,f,f,f,f,f,f,f,f,f,f,f,f,w,f,f,f,f,f,f,f,f,w,f,f,f,w,f,f,w,f,f,f,f,f,f,f,f,f,f,f,f,f
f,f,f,f,f,f,f,f,f,f,f,f,f,w,f,f,w,f,f,f,f,f,f,f,f,f,f,f,f,f,f,f,f,f,f,f,f,f,f,f,f,f,f,f,f,f,f,f,f,f,f,f,f,f,f,f,f,f,f,f,f,f,f,f,f,f,f,f,f,f,w,w,w,w,f,f,w,w,w,w,f,f,f,w,f,f,w,f,f,f,f,f,f,f,f,f,f,f,f,f
f,f,f,f,f,f,f,f,f,f,f,f,f,w,f,f,w,f,f,f,f,f,f,f,f,f,f,f,f,f,f,f,f,f,f,f,f,f,f,f,f,f,f,f,f,f,f,f,f,f,f,f,f,f,f,f,f,f,f,f,f,f,f,f,f,f,f,f,f,f,f,f,f,w,f,f,w,f,f,f,f,f,f,w,f,f,w,f,f,f,f,f,f,f,f,f,f,f,f,f
f,f,f,f,f,f,f,f,f,f,f,f,f,w,f,f,w,f,f,f,f,f,f,f,f,f,f,f,f,f,f,f,f,f,f,f,f,f,f,f,f,f,f,f,f,f,f,f,f,f,f,f,f,f,f,f,f,f,f,f,f,f,f,f,f,f,f,f,f,f,f,f,f,w,f,f,w,f,f,f,f,f,f,w,f,f,w,f,f,f,f,f,f,f,f,f,f,f,f,f
f,f,f,f,f,f,f,f,f,f,f,f,f,w,f,f,w,f,f,f,f,f,f,f,f,f,f,f,f,f,f,f,f,f,f,f,f,f,f,f,f,f,f,f,f,f,f,f,f,f,f,f,f,f,f,f,f,f,f,f,f,f,f,f,f,f,f,f,f,f,f,f,f,w,f,f,w,f,f,f,f,f,f,w,f,f,w,f,f,f,f,f,f,f,f,f,f,f,f,f
f,f,f,f,f,f,f,f,f,f,f,f,f,w,f,f,w,f,f,f,f,f,f,f,f,f,f,f,f,f,f,f,f,f,f,f,f,f,f,f,f,f,f,f,f,f,f,f,f,f,f,f,f,f,f,f,f,f,f,f,f,f,f,f,f,f,f,f,f,f,f,f,f,w,f,f,w,f,f,f,f,f,f,w,f,f,w,w,w,w,w,w,w,w,w,w,w,f,f,f
f,f,f,f,f,f,f,f,f,f,f,f,f,w,f,f,w,f,f,f,f,f,f,f,f,f,f,f,f,f,f,f,f,f,f,f,f,f,f,f,f,f,f,f,f,f,f,f,f,f,f,f,f,f,f,f,f,f,f,f,f,f,f,f,f,f,f,f,f,f,f,f,f,w,f,f,w,f,f,f,f,f,f,w,f,f,f,f,f,f,f,f,f,f,f,f,w,f,f,f
f,f,f,f,f,f,f,f,f,f,f,f,f,w,f,f,w,f,f,f,f,f,f,f,f,f,f,f,f,f,f,f,f,f,f,f,f,f,f,f,f,f,f,f,f,f,f,f,f,f,f,f,f,f,f,f,f,f,f,f,f,f,f,f,f,f,f,f,f,f,f,f,f,w,f,f,w,f,f,f,f,f,f,w,f,f,f,f,f,f,f,f,f,f,f,f,w,f,f,f
f,f,f,f,f,f,f,f,f,f,f,f,f,w,f,f,w,f,f,f,f,f,f,f,f,f,f,f,f,f,f,f,f,f,f,f,f,f,f,f,f,f,f,f,f,f,f,f,f,f,f,f,f,f,f,f,f,f,f,f,f,f,f,f,f,f,f,f,f,f,f,f,f,w,f,f,w,f,f,f,f,f,f,w,w,w,w,w,w,w,w,w,w,w,f,f,w,f,f,f
f,f,f,f,f,f,f,f,f,f,f,f,f,w,f,f,w,f,f,f,f,f,f,f,f,f,f,f,f,f,f,f,f,f,f,f,f,f,f,f,f,f,f,f,f,f,f,f,f,f,f,f,f,f,f,f,f,f,f,f,f,f,f,f,f,f,f,f,f,f,f,f,f,w,f,f,w,f,f,f,f,f,f,f,f,f,f,f,f,f,f,f,f,w,f,f,w,f,f,f
f,f,f,f,f,f,f,f,f,f,f,f,f,w,f,f,w,f,f,f,f,f,f,f,f,f,f,f,f,f,f,f,f,f,f,f,f,f,f,f,f,f,f,f,f,f,f,f,f,f,f,f,f,f,f,f,f,f,f,f,f,f,f,f,f,f,f,f,f,f,f,f,f,w,f,w,w,f,f,f,f,f,f,f,f,f,f,f,f,f,f,f,f,w,f,f,w,f,f,f
f,f,f,f,f,f,f,f,f,f,f,f,f,w,f,f,w,f,f,f,f,f,f,f,f,f,f,f,f,f,f,f,f,f,f,f,f,f,f,f,f,f,f,f,f,f,f,f,f,f,f,f,f,f,f,f,f,f,f,f,f,f,f,f,f,f,f,f,f,f,f,f,f,w,f:d>n^door15,w,w,f,f,f,f,f,f,f,f,f,f,f,f,f,f,f,f,w,f,f,w,f,f,f
f,f,f,f,f,f,f,f,f,f,f,f,f,w,f,f,w,f,f,f,f,f,f,f,f,f,f,f,f,f,f,f,f,f,f,f,f,f,f,f,f,f,f,f,f,f,f,f,f,f,f,f,f,f,f,f,f,f,f,f,f,f,f,f,f,f,f,f,f,f,w,w,w,w,f,f,w,w,w,w,f,f,f,f,f,f,f,f,f,f,f,f,f,w,f,f,w,f,f,f
f,f,f,f,f,f,f,f,f,f,f,f,f,w,f,f,w,f,f,f,f,f,f,f,f,f,f,f,f,f,f,f,f,f,f,f,f,f,f,f,f,f,f,f,f,f,f,f,f,f,f,f,f,f,f,f,f,f,f,f,f,f,f,f,f,f,f,f,f,f,w,f:b^b26,f,f,f,f,f,f,f,w,f,f,f,f,f,f,f,f,f,f,f,f,f,w,f,f,w,f,f,f
f,f,f,f,f,f,f,f,f,f,f,f,f,w,f,f,w,f,f,f,f,f,f,f,f,f,f,f,f,f,f,f,f,f,f,f,f,f,f,f,f,f,f,f,f,f,f,f,f,f,f,f,f,f,f,f,f,f,f,f,f,f,f,f,f,f,f,f,f,f,w,f,f,f,f,f,f,f,f,w,f,f,f,f,f,f,f,f,f,f,f,f,f,w,f,f,w,f,f,f
f,f,f,f,f,f,f,f,f,f,f,f,f,w,f,f,w,f,f,f,f,f,f,f,f,f,f,f,f,f,f,f,f,f,f,f,f,f,f,f,f,f,f,f,f,f,f,f,f,f,f,f,f,f,f,f,f,f,f,f,f,f,f,f,f,f,f,f,f,f,w,f,f,f,f,f,f,f,f:b^b27,w,w,w,w,w,w,w,w,f,f,f,f,f,f,w,f,f,w,f,f,f
f,f,f,f,f,f,f,f,f,f,f,f,f,w,f,f,w,f,f,f,f,f,f,f,f,f,f,f,f,f,f,f,f,f,f,f,f,f,f,f,f,f,f,f,f,f,f,f,f,f,f,f,f,f,f,f,f,f,f,f,f,f,f,f,f,f,f,f,f,f,w,f,f,f,f,f,f,f,f,f,f:d>w^door19,f,f,f,f,f,w,f,f,f,f,f,f,w,f,f,w,f,f,f
f,f,f,f,f,f,f,f,f,f,f,f,f,w,f,f,w,f,f,f,f,f,f,f,f,f,f,f,f,f,f,f,f,f,f,f,f,f,f,f,f,f,f,f,f,f,f,f,f,f,f,f,f,f,f,f,f,f,f,f,f,f,f,f,f,f,f,f,f,f,w,f,f,f,f,f,f,f,f,f,w,w,f,f,f,f,w,f,f,f,f,f,f,w,f,f,w,f,f,f
f,f,f,f,f,f,f,f,f,f,f,f,f,w,f,f,w,f,f,f,f,f,f,f,f,f,f,f,f,f,f,f,f,f,f,f,f,f,f,f,f,f,f,f,f,f,f,f,f,f,f,f,f,f,f,f,f,f,f,f,f,f,f,f,f,f,f,f,f,f,w,f,f,f,f,f,f,f,f,w,w,w,w,w,f,f,w,f,f,f,f,f,f,w,f,f,w,f,f,f
f,f,f,f,f,f,f,f,f,f,f,f,f,w,f,f,w,f,f,f,f,f,f,f,f,f,f,f,f,f,f,f,f,f,f,f,f,f,f,f,f,f,f,f,f,f,f,f,f,f,f,f,f,f,f,f,f,f,f,f,f,f,f,f,f,f,f,f,f,f,w,f,f,f,f,f,f,f,f,w,f,f,f,w,f,f,w,f,f,f,f,f,f,w,f,f,w,f,f,f
f,f,f,f,f,f,f,f,f,f,f,f,f,w,f,f,w,f,f,f,f,f,f,f,f,f,f,f,f,f,f,f,f,f,f,f,f,f,f,f,f,f,f,f,f,f,f,f,f,f,f,f,f,f,f,f,f,f,f,f,f,f,f,f,f,f,f,f,f,f,w,f,f,f,f,f,f,f,f,w,f,f,f,w,f,f,w,f,f,f,f,f,f,w,f,f,w,f,f,f
f,f,f,f,f,f,f,f,f,f,f,f,f,w,f,f,w,f,f,f,f,f,f,f,f,f,f,f,f,f,f,f,f,f,f,f,f,f,f,f,f,f,f,f,f,f,f,f,f,f,f,f,f,f,f,f,f,f,f,f,f,f,f,f,f,f,f,f,f,f,w,w,w,w,f,f,w,w,w,w,f,f,f,w,f,f,w,f,f,f,f,f,f,w,f,f,w,f,f,f
f,f,f,f,f,f,f,f,f,f,f,f,f,w,f,f,w,f,f,f,f,f,f,f,f,f,f,f,f,f,f,f,f,f,f,f,f,f,f,f,f,f,f,f,f,f,f,f,f,f,f,f,f,f,f,f,f,f,f,f,f,f,f,f,f,f,f,f,f,f,f,f,f,w,f,f,w,f,f,f,f,f,f,w,f,f,w,f,f,f,f,f,f,w,f,f,w,f,f,f
f,f,f,f,f,f,f,f,f,f,f,f,f,w,f,f,w,f,f,f,f,f,f,f,f,f,f,f,f,f,f,f,f,f,f,f,f,f,f,f,f,f,f,f,f,f,f,f,f,f,f,f,f,f,f,f,f,f,f,f,f,f,f,f,f,f,f,f,f,f,f,f,f,w,f,f,w,f,f,f,f,f,f,w,f,f,w,f,f,f,f,f,f,w,f,f,w,f,f,f
f,f,f,f,f,f,f,f,f,f,f,f,f,w,f,f,w,f,f,f,f,f,f,f,f,f,f,f,f,f,f,f,f,f,f,f,f,f,f,f,f,f,f,f,f,f,f,f,f,f,f,f,f,f,f,f,f,f,f,f,f,f,f,f,f,f,f,f,f,f,f,f,f,w,f,f,w,f,f,f,f,f,f,w,f,f,w,f,f,f,f,f,f,w,f,f,w,f,f,f
f,f,f,w,w,w,w,w,w,w,w,w,w,w,f,f,w,f,f,f,f,f,f,f,f,f,f,f,f,f,f,f,f,f,f,f,f,f,f,f,f,f,f,f,f,f,f,f,f,f,f,f,f,f,f,f,f,f,f,f,f,f,f,f,f,f,f,f,f,f,f,f,f,w,f,f,w,f,f,f,f,f,f,w,f,f,w,f,f,f,f,f,f,w,f,f,w,f,f,f
f,f,f,w,f,f,f,f,f,f,f,f,f,f,f,f,w,f,f,f,f,f,f,f,f,f,f,f,f,f,f,f,f,f,f,f,f,f,f,f,f,f,f,f,f,f,f,f,f,f,f,f,f,f,f,f,f,f,f,f,f,f,f,f,f,f,f,f,f,f,f,f,f,w,f,f,w,f,f,f,f,f,f,w,f,f,w,f,f,f,f,f,f,w,f,f,w,f,f,f
f,f,f,w,f,f,f,f,f,f,f,f,f,f,f,f,w,f,f,f,f,f,f,f,f,f,f,f,f,f,f,f,f,f,f,f,f,f,f,f,f,f,f,f,f,f,f,f,f,f,f,f,f,f,f,f,f,f,f,f,f,f,f,f,f,f,f,f,f,f,f,f,f,w,f,f,w,f,f,f,f,f,f,w,f,f,w,f,f,f,f,f,f,w,f,f,w,f,f,f
f,f,f,w,f,f,w,w,w,w,w,w,w,w,w,w,w,f,f,f,f,f,f,f,f,f,f,f,f,f,f,f,f,f,f,f,f,f,f,f,f,f,f,f,f,f,f,f,f,f,f,f,f,f,f,f,f,f,f,f,f,f,f,f,f,f,f,f,f,f,f,f,f,w,f,f,w,f,f,f,f,f,f,w,f,f,w,f,f,f,f,f,f,w,f,f,w,f,f,f
f,f,f,w,f,f,w,f,f,f,f,f,f,f,f,f,f,f,f,f,f,f,f,f,f,f,f,f,f,f,f,f,f,f,f,f,f,f,f,f,f,f,f,f,f,f,f,f,f,f,f,f,f,f,f,f,f,f,f,f,f,f,f,f,f,f,f,f,f,f,f,f,f,w,f,f,w,f,f,f,f,f,f,w,f,f,w,f,f,f,f,f,f,w,f,f,w,f,f,f
f,f,f,w,f,w,w,f,f,f,f,f,f,f,f,f,f,f,f,f,f,f,f,f,f,f,f,f,f,f,f,f,f,f,f,f,f,f,f,f,f,f,f,f,f,f,f,f,f,f,f,f,f,f,f,f,f,f,f,f,f,f,f,f,f,f,f,f,f,f,f,f,f,w,f,w,w,f,f,f,f,f,f,w,f,f,w,f,f,f,f,f,f,w,f,f,w,f,f,f
f,f,f,w,f:d>n^door7,w,w,f,f,f,f,f,f,f,f,f,f,f,f,f,f,f,f,f,f,f,f,f,f,f,f,f,f,f,f,f,f,f,f,f,f,f,f,f,f,f,f,f,f,f,f,f,f,f,f,f,f,f,f,f,f,f,f,f,f,f,f,f,f,f,f,f,f,w,f:d>n^door12,w,w,f,f,f,f,f,f,w,f,f,w,f,f,f,f,f,f,w,f,f,w,f,f,f
f,f,f,w,f,f,w,f,f,f,f,f,f,f,f,f,f,f,f,f,f,f,f,f,f,f,f,f,f,f,f,f,f,f,f,f,f,f,f,f,f,f,f,f,f,f,f,f,f,f,w,w,w,w,w,w,w,w,w,w,f,f,f,f,f,f,f,f,f,f,w,w,w,w,f,f,w,w,w,w,f,f,f,w,f,f,w,f,f,f,f,f,f,w,f,f,w,f,f,f
f,f,f,w,f,f,w,f,f,f,f,f,f,f,f,f,f,f,f,f,f,f,f,f,f,f,f,f,f,f,f,f,f,f,f,f,f,f,f,f,f,f,f,f,f,f,f,f,f,f,w,f,f,f,f,f,f,f,f,w,f,f,f,f,f,f,f,f,f,f,w,f:b^b33,f,f,f,f,f,f,f:b^b36,w,f,f,f,w,f,f,w,f,f,f,f,f,f,w,f,f,w,f,f,f
f,f,f,w,f,f,w,f,f,f,f,f,f,f,f,f,f,f,f,f,f,f,f,f,f,f,f,f,f,f,f,f,f,f,f,f,f,f,f,f,f,f,f,f,f,f,f,f,f,f,w,f,f,f,f,f,f,f,f,w,f,f,f,f,f,f,f,f,f,f,w,f:b^b34,f,f,f,f,f,f,f,w,f,f,f,w,f,f,w,f,f,f,f,f,f,w,f,f,w,f,f,f
f,f,f,w,f,f,w,f,f,f,f,f,f,w,w,w,w,w,w,w,w,w,w,w,w,w,w,w,w,w,w,w,w,w,w,w,w,w,w,w,w,w,w,w,w,w,w,w,w,w,w,f:b^b15,f,f,f,f,f,f,f:b^b17,w,w,w,w,w,w,w,w,w,w,w,w,f,f,f,f,f,f,f,f:b^b35,w,f,f,f,w,f,f,w,f,f,f,f,f,f,w,f,f,w,f,f,f
f,f,f,w,f,f,w,f,f,f,f,f,f,w,f,f,f,f,f,f,f,f,f,f,f,f,f,f,f,f,f,f,f,f,f,f,f,f,f,f,f,f,f,f,f,f,f,f,f,f,f,f,f,f,f,f,f,f,f,f,f:d>w^door10,f,f,f,f,f,f,f,f,f,f,f,f,f,f,f,f,f,f,w,f,f,f,w,f,f,w,f,f,f,f,f,f,w,f,f,w,f,f,f
f,f,f,w,f,f,w,f,f,f,f,f,f,w,f,f,f,f,f,f,f,f,f,f,f,f,f,f,f,f,f,f,f,f,f,f,f,f,f,f,f,f,f,f,f,f,f,f,f,f,f,f,f,f,f,f,f,f,f,f,w,w,f,f,f,f,f,f,f,f,f,f,f,f,f,f,f,f,f,w,f,f,f,w,f,f,w,f,f,f,f,f,f,w,f,f,w,f,f,f
f,f,f,w,f,f,w,f,f,f,f,f,f,w,f,f,w,w,w,w,w,w,w,w,w,w,w,w,w,w,w,w,w,w,w,w,w,w,w,w,w,w,w,w,w,w,w,w,w,w,w,f,f,f,f,f,f,f,f,w,w,w,w,w,w,w,w,w,w,w,w,f,f,f,f,f,f,f,f,w,f,f,f,w,f,f,w,f,f,f,f,f,f,w,f,f,w,f,f,f
f,f,f,w,f,f,w,f,f,f,f,f,f,w,f,f,w,f,f,f,f,f,f,f,f,f,f,f,f,f,f,f,f,f,f,f,f,f,f,f,f,f,f,f,f,f,f,f,f,f,w,f,f,f,f,f,f,f,f:b^b16,w,f,f,f,f,f,f,f,f,f,f,w,f,f,f,f,f,f,f,f,w,f,f,f,w,f,f,w,f,f,f,f,f,f,w,f,f,w,f,f,f
f,f,f,w,f,f,w,f,f,f,f,f,f,w,f,w,w,f,f,f,f,f,f,f,f,f,f,f,f,f,f,f,f,f,f,f,f,f,f,f,f,f,f,f,f,f,f,f,f,f,w,f,f,f,f,f,f,f,f,w,f,f,f,f,f,f,f,f,f,f,w,f:b^b37,f,f,f,f,f,f,f,w,f,f,f,w,f,f,w,f,f,f,f,f,f,w,f,f,w,f,f,f
f,f,f,w,f,f,w,f,f,f,f,f,f,w,f:d>n^door9,w,w,f,f,f,f,f,f,f,f,f,f,f,f,f,f,f,f,f,f,f,f,f,f,f,f,f,f,f,f,f,f,f,f,f,w,w,w,w,f,f,w,w,w,w,f,f,f,f,f,f,f,f,f,f,w,w,w,w,f,f,w,w,w,w,f,f,f,w,f,f,w,f,f,f,f,f,f,w,f,f,w,f,f,f
f,f,f,w,f,f,w,f,f,f,f,f,f,w,f,f,w,f,f,f,f,f,f,f,f,f,f,f,f,f,f,f,f,f,f,f,f,f,f,f,f,f,f,f,f,f,f,f,f,f,f,f,f,w,f,f,w,f,f,f,f,f,f,f,f,f,f,f,f,f,f,f,f,w,f,f,w,f,f,f,f,f,f,w,f,f,w,f,f,f,f,f,f,w,f,f,w,f,f,f
f,f,f,w,f,f,w,f,f,f,f,f,f,w,f,f,w,f,f,f,f,f,f,f,f,f,f,f,f,f,f,f,f,f,f,f,f,f,f,f,f,f,f,f,f,f,f,f,f,f,f,f,f,w,f,f,w,f,f,f,f,f,f,f,f,f,f,f,f,f,f,f,f,w,f,f,w,f,f,f,f,f,f,w,f,f,w,f,f,f,f,f,f,w,f,f,w,f,f,f
f,f,f,w,f,f,w,f,f,f,f,f,f,w,f,f,w,f,f,f,f,f,f,f,f,f,f,f,f,f,f,f,f,f,f,f,f,f,f,f,f,f,f,f,f,f,f,f,f,f,f,f,f,w,f,f,w,f,f,f,f,f,f,f,f,f,f,f,f,f,f,f,f,w,f,f,w,f,f,f,f,f,f,w,f,f,w,f,f,f,f,f,f,w,f,f,w,f,f,f
f,f,f,w,f,f,w,f,f,f,f,f,f,w,f,f,w,f,f,f,f,f,f,f,f,f,f,f,f,f,f,f,f,f,f,f,f,f,f,f,f,f,f,f,f,f,f,f,f,f,f,f,f,w,f,f,w,f,f,f,f,f,f,f,f,f,f,f,f,f,f,f,f,w,f,f,w,f,f,f,f,f,f,w,f,f,w,f,f,f,f,f,f,w,f,f,w,f,f,f
f,f,f,w,f,f,w,f,f,f,f,f,f,w,f,f,w,f,f,f,f,f,f,f,f,f,f,f,f,f,f,f,f,f,f,f,f,f,f,f,f,f,f,f,f,f,f,f,f,f,f,f,f,w,f,f,w,f,f,f,f,f,f,f,f,f,f,f,f,f,f,f,f,w,f,f,w,f,f,f,f,f,f,w,f,f,w,f,f,f,f,f,f,w,f,f,w,f,f,f
f,f,f,w,f,f,w,f,f,f,f,f,f,w,f,f,w,f,f,f,f,f,f,f,f,f,f,f,f,f,f,f,f,f,f,f,f,f,f,f,f,f,f,f,f,f,f,f,f,f,f,f,f,w,f,f,w,f,f,f,f,f,f,f,f,f,f,f,f,f,f,f,f,w,f,f,w,f,f,f,f,f,f,w,f,f,w,f,f,f,f,f,f,w,f,f,w,f,f,f
f,f,f,w,f,f,w,f,f,f,f,f,f,w,f,f,w,f,f,f,f,f,f,f,f,f,f,f,f,f,f,f,f,f,f,f,f,f,f,f,f,f,f,f,f,f,f,f,f,f,f,f,f,w,f,f,w,f,f,f,f,f,f,f,f,f,f,f,f,f,f,f,f,w,f,f,w,f,f,f,f,f,f,w,f,f,w,f,f,f,f,f,f,w,f,f,w,f,f,f
f,f,f,w,f,f,w,f,f,f,f,f,f,w,f,f,w,f,f,f,f,f,f,f,f,f,f,f,f,f,f,f,f,f,f,f,f,f,f,f,f,f,f,f,f,f,f,f,f,f,f,f,f,w,f,f,w,f,f,f,f,f,f,f,f,f,f,f,f,f,f,f,f,w,f,f,w,f,f,f,f,f,f,w,f,f,w,f,f,f,f,f,f,w,f,f,w,f,f,f
f,f,f,w,f,f,w,f,f,f,f,f,f,w,f,f,w,f,f,f,f,f,f,f,f,f,f,f,f,f,f,f,f,f,f,f,f,f,f,f,f,f,f,f,f,f,f,f,f,f,f,f,f,w,f,w,w,f,f,f,f,f,f,f,f,f,f,f,f,f,f,f,f,w,f,w,w,f,f,f,f,f,f,w,f,f,w,f,f,f,f,f,f,w,f,f,w,f,f,f
f,f,f,w,f,f,w,f,f,f,f,f,f,w,f,f,w,f,f,f,f,f,f,f,f,f,f,f,f,f,f,f,f,f,f,f,f,f,f,f,f,f,f,f,f,f,f,f,f,f,f,f,f,w,f:d>n^door14,w,w,f,f,f,f,f,f,f,f,f,f,f,f,f,f,f,f,w,f:d>n^door16,w,w,f,f,f,f,f,f,w,f,f,w,f,f,f,f,f,f,w,f,f,w,f,f,f
f,f,f,w,f,f,w,f,f,f,w,w,w,w,f,f,w,w,w,w,f,f,f,f,f,f,f,f,f,f,w,w,w,w,w,w,w,w,w,w,f,f,f,f,f,f,f,f,f,f,w,w,w,w,f,f,w,w,w,w,f,f,f,f,f,f,f,f,f,f,w,w,w,w,f,f,w,w,w,w,f,f,f,w,f,f,w,f,f,f,f,f,f,w,f,f,w,f,f,f
f,f,f,w,f,f,w,f,f,f,w,f,f,f,f,f,f,f,f:b^b21,w,f,f,f,f,f,f,f,f,f,f,w,f,f,f,f,f,f,f,f,w,f,f,f,f,f,f,f,f,f,f,w,f,f,f,f,f,f,f,f,w,f,f,f,f,f,f,f,f,f,f,w,f,f,f,f,f,f,f,f,w,f,f,f,w,f,f,w,f,f,f,f,f,f,w,f,f,w,f,f,f
f,f,f,w,f,f,w,f,f,f,w,f,f,f,f,f,f,f,f:b^b18,w,f,f,f,f,f,f,f,f,f,f,w,f,f:a^Agent1,f,f,f,f,f,f:b^b0,w,f,f,f,f,f,f,f,f,f,f,w,f,f,f,f,f,f,f,f,w,f,f,f,f,f,f,f,f,f,f,w,f,f,f,f,f,f,f,f,w,f,f,f,w,f,f,w,f,f,f,f,f,f,w,f,f,w,f,f,f
f,f,f,w,f,f,w,f,f,f,w,f:b^b20,f,f,f,f,f,f,f:b^b19,w,w,w,w,w,w,w,w,w,w,w,w,f,f,f,f,f,f,f,f:b^b2,w,w,w,w,w,w,w,w,w,w,w,w,f,f,f,f,f,f,f,f,w,w,w,w,w,w,w,w,w,w,w,w,f:b^b13,f,f,f,f,f,f,f:b^b14,w,f,f,f,w,f,f,w,f,f,f,f,f,f,w,f,f,w,f,f,f
f,f,f,w,f,f,w,f,f,f,w,f,f,f,f,f,f,f,f,f,f:d>w^door0,f,f,f,f,f,f,f,f,f,f,f,f,f,f,f,f,f,f,f,f:d>w^door4,f,f,f,f,f,f,f,f,f,f,f,f,f,f,f,f,f,f,f,f:d>w^door13,f,f,f,f,f,f,f,f,f,f,f,f,f,w,w,f,f,f,w,f,f,f,w,f,f,w,f,f,f,f,f,f,w,f,f,w,f,f,f
f,f,f,w,f,f,w,f,f,f,w,f,f,f,f,f,f,f,f,f,w,w,f,f,f,f,f,f,f,f,f,f,f,f,f,f,f,f,f,f,w,w,f,f,f,f,f,f,f,f,f,f,f,f,f,f,f,f,f,f,w,w,f,f,f,f,f,f,f,f,f,f,f,w,w,w,w,f,f,w,f,f,f,w,f,f,w,f,f,f,f,f,f,w,f,f,w,f,f,f
f,f,f,w,f,f,w,f,f,f,w,f,f,f,f,f,f,f,f,w,w,w,w,w,w,w,w,w,w,w,w,f,f,f,f,f,f,f,f,w,w,w,w,w,w,w,w,w,w,w,w,f,f,f,f,f,f,f,f,w,w,w,w,w,w,w,w,w,w,w,w,f,f,f,f,w,f,f,f,w,f,f,f,w,f,f,w,f,f,f,f,f,f,w,f,f,w,f,f,f
f,f,f,w,f,f,w,f,f,f,w,f,f,f,f,f,f,f,f,w,f,f,f,f,f,f,f,f,f,f,w,f,f,f,f,f,f,f,f,w,f,f,f,f,f,f,f,f,f,f,w,f,f,f,f,f,f,f,f,w,f,f,f,f,f,f,f,f,f,f,w,f,f,f,f,f,f,f,f,w,f,f,f,w,f,f,w,f,f,f,f,f,f,w,f,f,w,f,f,f
f,f,f,w,f,f,w,f,f,f,w,f,f,f,f,f,f,f,f,w,f,f,f,f,f,f,f,f,f,f,w,f:b^b1,f,f,f,f,f,f,f,w,f,f,f,f,f,f,f,f,f,f,w,f:b^b10,f,f,f,f,f,f,f,w,f,f,f,f,f,f,f,f,f,f,w,f,f,f,f,f,f,f,f,w,f,f,f,w,f,f,w,f,f,f,f,f,f,w,f,f,w,f,f,f
f,f,f,w,f,f,w,f,f,f,w,w,w,w,f,f,w,w,w,w,f,f,f,f,f,f,f,f,f,f,w,w,w,w,f,f,w,w,w,w,f,f,f,f,f,f,f,f,f,f,w,w,w,w,w,w,w,w,w,w,f,f,f,f,f,f,f,f,f,f,w,w,w,w,f,f,w,w,w,w,f,f,f,w,f,f,w,f,f,f,f,f,f,w,f,f,w,f,f,f
f,f,f,w,f,f,w,f,f,f,f,f,f,w,f,f,w,f,f,f,f,f,f,f,f,f,f,f,f,f,f,f,f,w,f,f,w,f,f,f,f,f,f,f,f,f,f,f,f,f,f,f,f,f,f,f,f,f,f,f,f,f,f,f,f,f,f,f,f,f,f,f,f,w,f,f,w,f,f,f,f,f,f,w,f,f,w,f,f,f,f,f,f,w,f,f,w,f,f,f
f,f,f,w,f,f,w,f,f,f,f,f,f,w,f,f,w,f,f,f,f,f,f,f,f,f,f,f,f,f,f,f,f,w,f,f,w,f,f,f,f,f,f,f,f,f,f,f,f,f,f,f,f,f,f,f,f,f,f,f,f,f,f,f,f,f,f,f,f,f,f,f,f,w,f,f,w,f,f,f,f,f,f,w,f,f,w,f,f,f,f,f,f,w,f,f,w,f,f,f
f,f,f,w,f,f,w,f,f,f,f,f,f,w,f,f,w,f,f,f,f,f,f,f,f,f,f,f,f,f,f,f,f,w,f,f,w,f,f,f,f,f,f,f,f,f,f,f,f,f,f,f,f,f,f,f,f,f,f,f,f,f,f,f,f,f,f,f,f,f,f,f,f,w,f,f,w,f,f,f,f,f,f,w,f,f,w,f,f,f,f,f,f,w,f,f,w,f,f,f
f,f,f,w,f,f,w,w,w,w,w,w,w,w,f,f,w,f,f,f,f,f,f,f,f,f,f,f,f,f,f,f,f,w,f,f,w,f,f,f,f,f,f,f,f,f,f,f,f,f,f,f,f,f,f,f,f,f,f,f,f,f,f,f,f,f,f,f,f,f,f,f,f,w,f,f,w,f,f,f,f,f,f,w,f,f,w,f,f,f,f,f,f,w,f,f,w,f,f,f
f,f,f,w,f,f,f,f,f,f,f,f,f,f,f,f,w,f,f,f,f,f,f,f,f,f,f,f,f,f,f,f,f,w,f,f,w,f,f,f,f,f,f,f,f,f,f,f,f,f,f,f,f,f,f,f,f,f,f,f,f,f,f,f,f,f,f,f,f,f,f,f,f,w,f,f,w,f,f,f,f,f,f,w,f,f,w,f,f,f,f,f,f,w,f,f,w,f,f,f
f,f,f,w,f,f,f,f,f,f,f,f,f,f,f,f,w,f,f,f,f,f,f,f,f,f,f,f,f,f,f,f,f,w,f,f,w,f,f,f,f,f,f,f,f,f,f,f,f,f,f,f,f,f,f,f,f,f,f,f,f,f,f,f,f,f,f,f,f,f,f,f,f,w,f,f,w,f,f,f,f,f,f,w,f,f,w,f,f,f,f,f,f,w,f,f,w,f,f,f
f,f,f,w,w,w,w,w,w,w,w,w,w,w,w,w,w,f,f,f,f,f,f,f,f,f,f,f,f,f,f,f,f,w,f,f,w,f,f,f,f,f,f,f,f,f,f,f,f,f,f,f,f,f,f,f,f,f,f,f,f,f,f,f,f,f,f,f,f,f,f,f,f,w,f,f,w,f,f,f,f,f,f,w,f,f,w,f,f,f,f,f,f,w,f,f,w,f,f,f
f,f,f,f,f,f,f,f,f,f,f,f,f,f,f,f,f,f,f,f,f,f,f,f,f,f,f,f,f,f,f,f,f,w,f,f,w,f,f,f,f,f,f,f,f,f,f,f,f,f,f,f,f,f,f,f,f,f,f,f,f,f,f,f,f,f,f,f,f,f,f,f,f,w,f,f,w,f,f,f,f,f,f,w,f,f,w,f,f,f,f,f,f,w,f,f,w,f,f,f
f,f,f,f,f,f,f,f,f,f,f,f,f,f,f,f,f,f,f,f,f,f,f,f,f,f,f,f,f,f,f,f,f,w,f,w,w,f,f,f,f,f,f,f,f,f,f,f,f,f,f,f,f,f,f,f,f,f,f,f,f,f,f,f,f,f,f,f,f,f,f,f,f,w,f,w,w,f,f,f,f,f,f,w,f,f,w,f,f,f,f,f,f,w,f,f,w,f,f,f
f,f,f,f,f,f,f,f,f,f,f,f,f,f,f,f,f,f,f,f,f,f,f,f,f,f,f,f,f,f,f,f,f,w,f:d>n^door1,w,w,f,f,f,f,f,f,f,f,f,f,f,f,f,f,f,f,f,f,f,f,f,f,f,f,f,f,f,f,f,f,f,f,f,f,f,f,w,f:d>n^door8,w,w,f,f,f,f,f,f,w,f,f,w,f,f,f,f,f,f,w,f,f,w,f,f,f
f,f,f,f,f,f,f,f,f,f,f,f,f,f,f,f,f,f,f,f,f,f,f,f,f,f,f,f,f,f,w,w,w,w,f,f,w,w,w,w,f,f,f,f,f,f,f,f,f,f,w,w,w,w,w,w,w,w,w,w,f,f,f,f,f,f,f,f,f,f,w,w,w,w,f,f,w,w,w,w,f,f,f,w,f,f,w,f,f,f,f,f,f,w,f,f,w,f,f,f
f,f,f,f,f,f,f,f,f,f,f,f,f,f,f,f,f,f,f,f,f,f,f,f,f,f,f,f,f,f,w,f,f,f,f,f,f,f,f,w,f,f,f,f,f,f,f,f,f,f,w,f,f,f,f,f,f,f,f,w,f,f,f,f,f,f,f,f,f,f,w,f,f,f,f,f,f,f,f,w,f,f,f,w,f,f,w,f,f,f,f,f,f,w,f,f,w,f,f,f
f,f,f,f,f,f,f,f,f,f,f,f,f,f,f,f,f,f,f,f,f,f,f,f,f,f,f,f,f,f,w,f,f,f,f,f,f,f,f,w,f,f,f,f,f,f,f,f,f,f,w,f,f,f,f,f,f,f,f:b^b32,w,f,f,f,f,f,f,f,f,f,f,w,f:b^b11,f,f,f,f,f,f,f,w,f,f,f,w,f,f,w,f,f,f,f,f,f,w,f,f,w,f,f,f
f,f,f,f,f,f,f,f,f,f,f,f,f,f,f,f,f,f,f,f,f,f,f,f,f,f,f,f,f,f,w,f:b^b39,f,f,f,f,f,f,f,w,w,w,w,w,w,w,w,w,w,w,w,f,f,f,f,f,f,f,f,w,w,w,w,w,w,w,w,w,w,w,w,f,f,f,f,f,f,f,f:b^b12,w,f,f,f,w,f,f,w,f,f,f,f,f,f,w,f,f,w,f,f,f
f,f,f,f,f,f,f,f,f,f,f,f,f,f,f,f,f,f,f,f,f,f,f,f,f,f,f,f,f,f,w,f,f,f,f,f,f,f,f,f,f:d>w^door2,f,f,f,f,f,f,f,f,f,f,f,f,f,f,f,f,f,f,f,f:d>w^door3,f,f,f,f,f,f,f,f,f,f,f,f,f,f,f,f,f,f,w,f,f,f,w,f,f,w,f,f,f,f,f,f,w,f,f,w,f,f,f
f,f,f,f,f,f,f,f,f,f,f,f,f,f,f,f,f,f,f,f,f,f,f,f,f,f,f,f,f,f,w,f,f,f,f,f,f,f,f,f,w,w,f,f,f,f,f,f,f,f,f,f,f,f,f,f,f,f,f,f,w,w,f,f,f,f,f,f,f,f,f,f,f,f,f,f,f,f,f,w,f,f,f,w,f,f,w,f,f,f,f,f,f,w,f,f,w,f,f,f
f,f,f,f,f,f,f,f,f,f,f,f,f,f,f,f,f,f,f,f,f,f,f,f,f,f,f,f,f,f,w,f,f,f,f,f,f,f,f,w,w,w,w,w,w,w,w,w,w,w,w,f,f,f,f,f,f,f,f,w,w,w,w,w,w,w,w,w,w,w,w,f,f,f,f,f,f,f,f,w,f,f,f,w,f,f,w,f,f,f,f,f,f,w,f,f,w,f,f,f
f,f,f,f,f,f,f,f,f,f,f,f,f,f,f,f,f,f,f,f,f,f,f,f,f,f,f,f,f,f,w,f,f,f,f,f,f,f,f,w,f,f,f,f,f,f,f,f,f,f,w,f,f,f,f,f,f,f,f,w,f,f,f,f,f,f,f,f,f,f,w,f,f,f,f,f,f,f,f,w,f,f,f,w,f,f,w,f,f,f,f,f,f,w,f,f,w,f,f,f
f,f,f,f,f,f,f,f,f,f,f,f,f,f,f,f,f,f,f,f,f,f,f,f,f,f,f,f,f,f,w,f,f,f,f,f,f,f,f,w,f,f,f,f,f,f,f,f,f,f,w,f,f,f,f,f,f,f,f,w,f,f,f,f,f,f,f,f,f,f,w,f,f,f,f,f,f,f,f,w,f,f,f,w,f,f,w,f,f,f,f,f,f,w,f,f,w,f,f,f
f,f,f,f,f,f,f,f,f,f,f,f,f,f,f,f,f,f,f,f,f,f,f,f,f,f,f,f,f,f,w,w,w,w,f,f,w,w,w,w,f,f,f,f,f,f,f,f,f,f,w,w,w,w,f,f,w,w,w,w,f,f,f,f,f,f,f,f,f,f,w,w,w,w,f,f,w,w,w,w,f,f,f,w,f,f,w,f,f,f,f,f,f,w,f,f,w,f,f,f
f,f,f,f,f,f,f,f,f,f,f,f,f,f,f,f,f,f,f,f,f,f,f,f,f,f,f,f,f,f,f,f,f,w,f,f,w,f,f,f,f,f,f,f,f,f,f,f,f,f,f,f,f,w,f,f,w,f,f,f,f,f,f,f,f,f,f,f,f,f,f,f,f,w,f,f,w,f,f,f,f,f,f,w,f,f,w,f,f,f,f,f,f,w,f,f,w,f,f,f
f,f,f,f,f,f,f,f,f,f,f,f,f,f,f,f,f,f,f,f,f,f,f,f,f,f,f,f,f,f,f,f,f,w,f,f,w,f,f,f,f,f,f,f,f,f,f,f,f,f,f,f,f,w,f,f,w,f,f,f,f,f,f,f,f,f,f,f,f,f,f,f,f,w,f,f,w,f,f,f,f,f,f,w,f,f,w,f,f,f,f,f,f,w,f,f,w,f,f,f
f,f,f,f,f,f,f,f,f,f,f,f,f,f,f,f,f,f,f,f,f,f,f,f,f,f,f,f,f,f,f,f,f,w,f,f,w,f,f,f,f,f,f,f,f,f,f,f,f,f,f,f,f,w,f,f,w,f,f,f,f,f,f,f,f,f,f,f,f,f,f,f,f,w,f,f,w,f,f,f,f,f,f,w,f,f,w,f,f,f,f,f,f,w,f,f,w,f,f,f
f,f,f,f,f,f,f,f,f,f,f,f,f,f,f,f,f,f,f,f,f,f,f,f,f,f,f,f,f,f,f,f,f,w,f,f,w,f,f,f,f,f,f,f,f,f,f,f,f,f,f,f,f,w,f,f,w,f,f,f,f,f,f,f,f,f,f,f,f,f,f,f,f,w,f,f,w,f,f,f,f,f,f,w,f,f,w,f,f,f,f,f,f,w,f,f,w,f,f,f
f,f,f,f,f,f,f,f,f,f,f,f,f,f,f,f,f,f,f,f,f,f,f,f,f,f,f,f,f,f,f,f,f,w,f,f,w,f,f,f,f,f,f,f,f,f,f,f,f,f,f,f,f,w,f,f,w,f,f,f,f,f,f,f,f,f,f,f,f,f,f,f,f,w,f,f,w,f,f,f,f,f,f,w,f,f,w,f,f,f,f,f,f,w,f,f,w,f,f,f
f,f,f,f,f,f,f,f,f,f,f,f,f,f,f,f,f,f,f,f,f,f,f,f,f,f,f,f,f,f,f,f,f,w,f,f,w,f,f,f,f,f,f,f,f,f,f,f,f,f,f,f,f,w,f,f,w,f,f,f,f,f,f,f,f,f,f,f,f,f,f,f,f,w,f,f,w,f,f,f,f,f,f,w,f,f,w,f,f,f,f,f,f,w,f,f,w,f,f,f
f,f,f,f,f,f,f,f,f,f,f,f,f,f,f,f,f,f,f,f,f,f,f,f,f,f,f,f,f,f,f,f,f,w,f,f,w,f,f,f,f,f,f,f,f,f,f,f,f,f,f,f,f,w,f,f,w,f,f,f,f,f,f,f,f,f,f,f,f,f,f,f,f,w,f,f,w,f,f,f,f,f,f,w,f,f,w,f,f,f,f,f,f,w,f,f,w,f,f,f
f,f,f,f,f,f,f,f,f,f,f,f,f,f,f,f,f,f,f,f,f,f,f,f,f,f,f,f,f,f,f,f,f,w,f,f,w,f,f,f,f,f,f,f,f,f,f,f,f,f,f,f,f,w,f,f,w,f,f,f,f,f,f,f,f,f,f,f,f,f,f,f,f,w,f,f,w,f,f,f,f,f,f,w,f,f,w,f,f,f,f,f,f,w,f,f,w,f,f,f
f,f,f,f,f,f,f,f,f,f,f,f,f,f,f,f,f,f,f,f,f,f,f,f,f,f,f,f,f,f,f,f,f,w,f,w,w,f,f,f,f,f,f,f,f,f,f,f,f,f,f,f,f,w,f,w,w,f,f,f,f,f,f,f,f,f,f,f,f,f,f,f,f,w,f,w,w,f,f,f,f,f,f,w,f,f,w,f,f,f,f,f,f,w,f,f,w,f,f,f
f,f,f,f,f,f,f,f,f,f,f,f,f,f,f,f,f,f,f,f,f,f,f,f,f,f,f,f,f,f,f,f,f,w,f:d>n^door11,w,w,f,f,f,f,f,f,f,f,f,f,f,f,f,f,f,f,w,f:d>n^door5,w,w,f,f,f,f,f,f,f,f,f,f,f,f,f,f,f,f,w,f:d>n^door18,w,w,f,f,f,f,f,f,w,f,f,w,f,f,f,f,f,f,w,f,f,w,f,f,f
f,f,f,f,f,f,f,f,f,f,f,f,f,f,f,f,f,f,f,f,f,f,f,f,f,f,f,f,f,f,w,w,w,w,f,f,w,w,w,w,f,f,f,f,f,f,f,f,f,f,f,f,f,w,f,f,w,f,f,f,f,f,f,f,f,f,f,f,f,f,w,w,w,w,f,f,w,w,w,w,f,f,f,w,f,f,w,f,f,f,f,f,f,w,f,f,w,f,f,f
f,f,f,f,f,f,f,f,f,f,f,f,f,f,f,f,f,f,f,f,f,f,f,f,f,f,f,f,f,f,w,f:b^b5,f,f,f,f,f,f,f:b^b9,w,f,f,f,f,f,f,f,f,f,f,f,f,f,w,f,f,w,f,f,f,f,f,f,f,f,f,f,f,f,f,w,f:b^b22,f,f,f,f,f,f,f,w,f,f,f,w,f,f,w,f,f,f,f,f,f,w,f,f,w,f,f,f
f,f,f,f,f,f,f,f,f,f,f,f,f,f,f,f,f,f,f,f,f,f,f,f,f,f,f,f,f,f,w,f:b^b6,f,f,f,f,f,f,f:b^b3,w,f,f,f,f,f,f,f,f,f,f,f,f,f,w,f,f,w,f,f,f,f,f,f,f,f,f,f,f,f,f,w,f:b^b25,f,f,f,f,f,f,f:b^b23,w,f,f,f,w,f,f,w,f,f,f,f,f,f,w,f,f,w,f,f,f
f,f,f,f,f,f,f,f,f,f,f,f,f,f,f,f,f,f,f,f,f,f,f,f,f,f,f,f,f,f,w,f:b^b7,f,f,f,f,f,f,f:b^b8,w,f,f,f,f,f,f,f,f,f,f,f,f,f,w,f,f,w,f,f,f,f,f,f,f,f,f,f,f,f,f,w,f,f,f,f,f,f,f,f,w,w,w,w,w,f,f,w,f,f,f,f,f,f,w,f,f,w,f,f,f
f,f,f,f,f,f,f,f,f,f,f,f,f,f,f,f,f,f,f,f,f,f,f,f,f,f,f,f,f,f,w,f,f,f,w,w,f,f,f,w,f,f,f,f,f,f,f,f,f,f,f,f,f,w,f,f,w,f,f,f,f,f,f,f,f,f,f,f,f,f,w,f,f,f,w,w,f,f,f,f,f,f,f,f,f,f,w,f,f,f,f,f,f,w,f,f,w,f,f,f
f,f,f,f,f,f,f,f,f,f,f,f,f,f,f,f,f,f,f,f,f,f,f,f,f,f,f,f,f,f,w,f,f,w,w,w,w,f,f,w,f,f,f,f,f,f,f,f,f,f,f,f,f,w,f,f,w,f,f,f,f,f,f,f,f,f,f,f,f,f,w,f,f,w,w,w,w,f,f,f,f,f,f,f,f,f,w,f,f,f,f,f,f,w,f,f,w,f,f,f
f,f,f,f,f,f,f,f,f,f,f,f,f,f,f,f,f,f,f,f,f,f,f,f,f,f,f,f,f,f,w,f,f,f,f,w,f,f,f,w,f,f,f,f,f,f,f,f,f,f,f,f,f,w,f,f,w,f,f,f,f,f,f,f,f,f,f,f,f,f,w,f,f,f,f,w,f,f,f,w,w,w,w,w,w,w,w,f,f,f,f,f,f,w,f,f,w,f,f,f
f,f,f,f,f,f,f,f,f,f,f,f,f,f,f,f,f,f,f,f,f,f,f,f,f,f,f,f,f,f,w,f,f,f,f,f,f,f,f,w,f,f,f,f,f,f,f,f,f,f,f,f,f,w,f,f,w,f,f,f,f,f,f,f,f,f,f,f,f,f,w,f,f,f,f,f,f,f,f,w,f,f,f,f,f,f,f,f,f,f,f,f,f,w,f,f,w,f,f,f
f,f,f,f,f,f,f,f,f,f,f,f,f,f,f,f,f,f,f,f,f,f,f,f,f,f,f,f,f,f,w,f:b^b4,f,f,f,f,f,f,f,w,f,f,f,f,f,f,f,f,f,f,f,f,f,w,f,f,w,f,f,f,f,f,f,f,f,f,f,f,f,f,w,f:b^b24,f,f,f,f,f,f,f,w,f,f,f,f,f,f,f,f,f,f,f,f,f,w,f,f,w,f,f,f
f,f,f,f,f,f,f,f,f,f,f,f,f,f,f,f,f,f,f,f,f,f,f,f,f,f,f,f,f,f,w,w,w,w,w,w,w,w,w,w,f,f,f,f,f,f,f,f,f,f,f,f,f,w,f,f,w,f,f,f,f,f,f,f,f,f,f,f,f,f,w,w,w,w,f,f,w,w,w,w,f,f,f,f,f,f,f,f,f,f,f,f,f,w,f,f,w,f,f,f
f,f,f,f,f,f,f,f,f,f,f,f,f,f,f,f,f,f,f,f,f,f,f,f,f,f,f,f,f,f,f,f,f,f,f,f,f,f,f,f,f,f,f,f,f,f,f,f,f,f,f,f,f,w,f,f,w,f,f,f,f,f,f,f,f,f,f,f,f,f,f,f,f,w,f,f,w,f,f,f,f,f,f,f,f,f,f,f,f,f,f,f,f,w,f,f,w,f,f,f
f,f,f,f,f,f,f,f,f,f,f,f,f,f,f,f,f,f,f,f,f,f,f,f,f,f,f,f,f,f,f,f,f,f,f,f,f,f,f,f,f,f,f,f,f,f,f,f,f,f,f,f,f,w,f,f,w,f,f,f,f,f,f,f,f,f,f,f,f,f,f,f,f,w,f,f,w,f,f,f,f,f,f,f,f,f,f,f,f,f,f,f,f,w,f,f,w,f,f,f
f,f,f,f,f,f,f,f,f,f,f,f,f,f,f,f,f,f,f,f,f,f,f,f,f,f,f,f,f,f,f,f,f,f,f,f,f,f,f,f,f,f,f,f,f,f,f,f,f,f,f,f,f,w,f,f,w,f,f,f,f,f,f,f,f,f,f,f,f,f,f,f,f,w,f,f,w,f,f,f,f,f,f,f,f,f,f,f,f,f,f,f,f,w,f,f,w,f,f,f
f,f,f,f,f,f,f,f,f,f,f,f,f,f,f,f,f,f,f,f,f,f,f,f,f,f,f,f,f,f,f,f,f,f,f,f,f,f,f,f,f,f,f,f,f,f,f,f,f,f,f,f,f,w,f,f,w,f,f,f,f,f,f,f,f,f,f,f,f,f,f,f,f,w,f,f,w,f,f,f,f,f,f,w,w,w,w,w,w,w,w,w,w,w,f,f,w,f,f,f
f,f,f,f,f,f,f,f,f,f,f,f,f,f,f,f,f,f,f,f,f,f,f,f,f,f,f,f,f,f,f,f,f,f,f,f,f,f,f,f,f,f,f,f,f,f,f,f,f,f,f,f,f,w,f,f,w,f,f,f,f,f,f,f,f,f,f,f,f,f,f,f,f,w,f,f,w,f,f,f,f,f,f,w,f,f,f,f,f,f,f,f,f,f,f,f,w,f,f,f
f,f,f,f,f,f,f,f,f,f,f,f,f,f,f,f,f,f,f,f,f,f,f,f,f,f,f,f,f,f,f,f,f,f,f,f,f,f,f,f,f,f,f,f,f,f,f,f,f,f,f,f,f,w,f,f,w,f,f,f,f,f,f,f,f,f,f,f,f,f,f,f,f,w,f,f,w,f,f,f,f,f,f,w,f,f,f,f,f,f,f,f,f,f,f,f,w,f,f,f
f,f,f,f,f,f,f,f,f,f,f,f,f,f,f,f,f,f,f,f,f,f,f,f,f,f,f,f,f,f,f,f,f,f,f,f,f,f,f,f,f,f,f,f,f,f,f,f,f,f,f,f,f,w,f,f,w,f,f,f,f,f,f,f,f,f,f,f,f,f,f,f,f,w,f,f,w,f,f,f,f,f,f,w,f,f,w,w,w,w,w,w,w,w,w,w,w,f,f,f
f,f,f,f,f,f,f,f,f,f,f,f,f,f,f,f,f,f,f,f,f,f,f,f,f,f,f,f,f,f,f,f,f,f,f,f,f,f,f,f,f,f,f,f,f,f,f,f,f,f,f,f,f,w,f,f,w,f,f,f,f,f,f,f,f,f,f,f,f,f,f,f,f,w,f,f,w,f,f,f,f,f,f,w,f,f,w,f,f,f,f,f,f,f,f,f,f,f,f,f
f,f,f,f,f,f,f,f,f,f,f,f,f,f,f,f,f,f,f,f,f,f,f,f,f,f,f,f,f,f,f,f,f,f,f,f,f,f,f,f,f,f,f,f,f,f,f,f,f,f,f,f,f,w,f,f,w,f,f,f,f,f,f,f,f,f,f,f,f,f,f,f,f,w,f,w,w,f,f,f,f,f,f,w,f,f,w,f,f,f,f,f,f,f,f,f,f,f,f,f
f,f,f,f,f,f,f,f,f,f,f,f,f,f,f,f,f,f,f,f,f,f,f,f,f,f,f,f,f,f,f,f,f,f,f,f,f,f,f,f,f,f,f,f,f,f,f,f,f,f,f,f,f,w,f,f,w,f,f,f,f,f,f,f,f,f,f,f,f,f,f,f,f,w,f:d>n^door6,w,w,f,f,f,f,f,f,w,f,f,w,f,f,f,f,f,f,f,f,f,f,f,f,f
f,f,f,f,f,f,f,f,f,f,f,f,f,f,f,f,f,f,f,f,f,f,f,f,f,f,f,f,f,f,f,f,f,f,f,f,f,f,f,f,f,f,f,f,f,f,f,f,f,f,f,f,f,w,f,f,w,f,f,f,f,f,f,f,f,f,f,f,f,f,w,w,w,w,f,f,w,w,w,w,f,f,f,w,f,f,w,f,f,f,f,f,f,f,f,f,f,f,f,f
f,f,f,f,f,f,f,f,f,f,f,f,f,f,f,f,f,f,f,f,f,f,f,f,f,f,f,f,f,f,f,f,f,f,f,f,f,f,f,f,f,f,f,f,f,f,f,f,f,f,f,f,f,w,f,f,w,f,f,f,f,f,f,f,f,f,f,f,f,f,w,f,f,f,f,f,f,f,f,w,f,f,f,w,f,f,w,f,f,f,f,f,f,f,f,f,f,f,f,f
f,f,f,f,f,f,f,f,f,f,f,f,f,f,f,f,f,f,f,f,f,f,f,f,f,f,f,f,f,f,f,f,f,f,f,f,f,f,f,f,f,f,f,f,f,f,f,f,f,f,f,f,f,w,f,f,w,f,f,f,f,f,f,f,f,f,f,f,f,f,w,f,f,f,f,f,f,f,f,w,f,f,f,w,f,f,w,f,f,f,f,f,f,f,f,f,f,f,f,f
f,f,f,f,f,f,f,f,f,f,f,f,f,f,f,f,f,f,f,f,f,f,f,f,f,f,f,f,f,f,f,f,f,f,f,f,f,f,f,f,f,f,f,f,f,f,f,f,f,f,f,f,f,w,f,f,w,w,w,w,w,w,w,w,w,w,w,w,w,w,w,f,f,f,f,f,f,f,f,w,w,w,w,w,f,f,w,f,f,f,f,f,f,f,f,f,f,f,f,f
f,f,f,f,f,f,f,f,f,f,f,f,f,f,f,f,f,f,f,f,f,f,f,f,f,f,f,f,f,f,f,f,f,f,f,f,f,f,f,f,f,f,f,f,f,f,f,f,f,f,f,f,f,w,f,f,f,f,f,f,f,f,f,f,f,f,f,f,f,f,f,f,f,f,f,f,f,f,f,f,f,f,f,f,f,f,w,f,f,f,f,f,f,f,f,f,f,f,f,f
f,f,f,f,f,f,f,f,f,f,f,f,f,f,f,f,f,f,f,f,f,f,f,f,f,f,f,f,f,f,f,f,f,f,f,f,f,f,f,f,f,f,f,f,f,f,f,f,f,f,f,f,f,w,f,f,f,f,f,f,f,f,f,f,f,f,f,f,f,f,f,f,f,f,f,f,f,f,f,f,f,f,f,f,f,f,w,f,f,f,f,f,f,f,f,f,f,f,f,f
f,f,f,f,f,f,f,f,f,f,f,f,f,f,f,f,f,f,f,f,f,f,f,f,f,f,f,f,f,f,f,f,f,f,f,f,f,f,f,f,f,f,f,f,f,f,f,f,f,f,f,f,f,w,w,w,w,w,w,w,w,w,w,w,w,w,w,w,w,w,w,f,f,f,f,f,f,f,f,w,w,w,w,w,w,w,w,f,f,f,f,f,f,f,f,f,f,f,f,f
f,f,f,f,f,f,f,f,f,f,f,f,f,f,f,f,f,f,f,f,f,f,f,f,f,f,f,f,f,f,f,f,f,f,f,f,f,f,f,f,f,f,f,f,f,f,f,f,f,f,f,f,f,f,f,f,f,f,f,f,f,f,f,f,f,f,f,f,f,f,w,f,f,f,f,f,f,f,f:b^b38,w,f,f,f,f,f,f,f,f,f,f,f,f,f,f,f,f,f,f,f,f
f,f,f,f,f,f,f,f,f,f,f,f,f,f,f,f,f,f,f,f,f,f,f,f,f,f,f,f,f,f,f,f,f,f,f,f,f,f,f,f,f,f,f,f,f,f,f,f,f,f,f,f,f,f,f,f,f,f,f,f,f,f,f,f,f,f,f,f,f,f,w,f,f,f,f,f,f,f,f,w,f,f,f,f,f,f,f,f,f,f,f,f,f,f,f,f,f,f,f,f
f,f,f,f,f,f,f,f,f,f,f,f,f,f,f,f,f,f,f,f,f,f,f,f,f,f,f,f,f,f,f,f,f,f,f,f,f,f,f,f,f,f,f,f,f,f,f,f,f,f,f,f,f,f,f,f,f,f,f,f,f,f,f,f,f,f,f,f,f,f,w,w,w,w,w,w,w,w,w,w,f,f,f,f,f,f,f,f,f,f,f,f,f,f,f,f,f,f,f,f
|,,,,,,,,,,,,,,,,,,,,,,,,,,,,,,,,,,,,,,,,,,,,,,,,,,,,,,,,,,,,,,,,,,,,,,,,,,,,,,,,,,,,,,,,,,,,,,,,,,,
,,,,,,,,,,,,,,,,,,,,,,,,,,,,,,,,,,,,,,,,,,,,,,,,,,,,,,,,,,,,,,,,,,,,,,,,,,,,,,,,,,,,,,,,,,,,,,,,,,,
,,,,,,,,,,,,,,,,,,,,,,,,,,,,,,,,,,,,,,,,,,,,,,,,,,,,,,,,,,,,,,,,,,,,,,,,,,,,,,,,,,,,,,,,,,,,,,,,,,,
,,,,,,,,,,,,,w,w,w,w,w,w,w,w,w,w,w,w,w,w,w,w,w,w,w,w,w,w,w,w,w,w,w,w,w,w,w,w,w,w,w,w,w,w,w,w,w,w,w,w,w,w,w,w,w,w,w,w,w,w,w,w,w,w,w,w,w,w,w,w,,,,,,,,,,,,,,,,,,,,,,,
,,,,,,,,,,,,,w,,,,,,,,,,,,,,,,,,,,,,,,,,,,,,,,,,,,,,,,,,,,,,,,,,,,,,,,,,,,,,,w,,,,,,,,,,,,,,,,,,,,,,,
,,,,,,,,,,,,,w,,,,,,,,,,,,,,,,,,,,,,,,,,,,,,,,,,,,,,,,,,,,,,,,,,,,,,,,,,,,,,,w,,,,,,,,,,,,,,,,,,,,,,,
,,,,,,,,,,,,,w,,,w,w,w,w,w,w,w,w,w,w,w,w,w,w,w,w,w,w,w,w,w,w,w,w,w,w,w,w,w,w,w,w,w,w,w,w,w,w,w,w,w,w,w,w,w,w,w,w,w,w,w,w,w,w,w,w,w,w,,,w,,,,,,,,,,,,,,,,,,,,,,,
,,,,,,,,,,,,,w,,,w,,,,,,,,,,,,,,,,,,,,,,,,,,,,,,,,,,,,,,,,,,,,,,,,,,,,,,,,,w,,,w,,,,,,,,,,,,,,,,,,,,,,,
,,,,,,,,,,,,,w,,,w,,,,,,,,,,,,,,,,,,,,,,,,,,,,,,,,,,,,,,,,,,,,,,,,,,,,,,,,,w,,,w,,,,,,,,,,,,,,,,,,,,,,,
,,,,,,,,,,,,,w,,,w,,,,,,,,,,,,,,,,,,,,,,,,,,,,,,,,,,,,,,,,,,,,,,,,,,,,,,,,,w,,,w,,,,,,,,,,,,,,,,,,,,,,,
,,,,,,,,,,,,,w,,,w,,,,,,,,,,,,,,,,,,,,,,,,,,,,,,,,,,,,,,,,,,,,,,,,,,,,,,w,w,w,w,,,w,w,w,w,,,,,,,,,,,,,,,,,,,,
,,,,,,,,,,,,,w,,,w,,,,,,,,,,,,,,,,,,,,,,,,,,,,,,,,,,,,,,,,,,,,,,,,,,,,,,w,,,,,,,,,w,,,,,,,,,,,,,,,,,,,,
,,,,,,,,,,,,,w,,,w,,,,,,,,,,,,,,,,,,,,,,,,,,,,,,,,,,,,,,,,,,,,,,,,,,,,,,w,,,,,,,,,w,,,,,,,,,,,,,,,,,,,,
,,,,,,,,,,,,,w,,,w,,,,,,,,,,,,,,,,,,,,,,,,,,,,,,,,,,,,,,,,,,,,,,,,,,,,,,w,,,,,,,,,w,w,w,w,w,w,w,w,,,,,,,,,,,,,
,,,,,,,,,,,,,w,,,w,,,,,,,,,,,,,,,,,,,,,,,,,,,,,,,,,,,,,,,,,,,,,,,,,,,,,,w,,,,,,,,,,,,,,,,w,,,,,,,,,,,,,
,,,,,,,,,,,,,w,,,w,,,,,,,,,,,,,,,,,,,,,,,,,,,,,,,,,,,,,,,,,,,,,,,,,,,,,,w,,,,,,,,,,w,w,,,,,w,,,,,,,,,,,,,
,,,,,,,,,,,,,w,,,w,,,,,,,,,,,,,,,,,,,,,,,,,,,,,,,,,,,,,,,,,,,,,,,,,,,,,,w,,,,,,,,,w,w,w,w,w,,,w,,,,,,,,,,,,,
,,,,,,,,,,,,,w,,,w,,,,,,,,,,,,,,,,,,,,,,,,,,,,,,,,,,,,,,,,,,,,,,,,,,,,,,w,,,,,,,,,w,,,,w,,,w,,,,,,,,,,,,,
,,,,,,,,,,,,,w,,,w,,,,,,,,,,,,,,,,,,,,,,,,,,,,,,,,,,,,,,,,,,,,,,,,,,,,,,w,,,,,,,,,w,,,,w,,,w,,,,,,,,,,,,,
,,,,,,,,,,,,,w,,,w,,,,,,,,,,,,,,,,,,,,,,,,,,,,,,,,,,,,,,,,,,,,,,,,,,,,,,w,w,w,w,,,w,w,w,w,,,,w,,,w,,,,,,,,,,,,,
,,,,,,,,,,,,,w,,,w,,,,,,,,,,,,,,,,,,,,,,,,,,,,,,,,,,,,,,,,,,,,,,,,,,,,,,,,,w,,,w,,,,,,,w,,,w,,,,,,,,,,,,,
,,,,,,,,,,,,,w,,,w,,,,,,,,,,,,,,,,,,,,,,,,,,,,,,,,,,,,,,,,,,,,,,,,,,,,,,,,,w,,,w,,,,,,,w,,,w,,,,,,,,,,,,,
,,,,,,,,,,,,,w,,,w,,,,,,,,,,,,,,,,,,,,,,,,,,,,,,,,,,,,,,,,,,,,,,,,,,,,,,,,,w,,,w,,,,,,,w,,,w,,,,,,,,,,,,,
,,,,,,,,,,,,,w,,,w,,,,,,,,,,,,,,,,,,,,,,,,,,,,,,,,,,,,,,,,,,,,,,,,,,,,,,,,,w,,,w,,,,,,,w,,,w,w,w,w,w,w,w,w,w,w,w,,,
,,,,,,,,,,,,,w,,,w,,,,,,,,,,,,,,,,,,,,,,,,,,,,,,,,,,,,,,,,,,,,,,,,,,,,,,,,,w,,,w,,,,,,,w,,,,,,,,,,,,,w,,,
,,,,,,,,,,,,,w,,,w,,,,,,,,,,,,,,,,,,,,,,,,,,,,,,,,,,,,,,,,,,,,,,,,,,,,,,,,,w,,,w,,,,,,,w,,,,,,,,,,,,,w,,,
,,,,,,,,,,,,,w,,,w,,,,,,,,,,,,,,,,,,,,,,,,,,,,,,,,,,,,,,,,,,,,,,,,,,,,,,,,,w,,,w,,,,,,,w,w,w,w,w,w,w,w,w,w,w,,,w,,,
,,,,,,,,,,,,,w,,,w,,,,,,,,,,,,,,,,,,,,,,,,,,,,,,,,,,,,,,,,,,,,,,,,,,,,,,,,,w,,,w,,,,,,,,,,,,,,,,,w,,,w,,,
,,,,,,,,,,,,,w,,,w,,,,,,,,,,,,,,,,,,,,,,,,,,,,,,,,,,,,,,,,,,,,,,,,,,,,,,,,,w,,w,w,,,,,,,,,,,,,,,,,w,,,w,,,
,,,,,,,,,,,,,w,,,w,,,,,,,,,,,,,,,,,,,,,,,,,,,,,,,,,,,,,,,,,,,,,,,,,,,,,,,,,w,,w,w,,,,,,,,,,,,,,,,,w,,,w,,,
,,,,,,,,,,,,,w,,,w,,,,,,,,,,,,,,,,,,,,,,,,,,,,,,,,,,,,,,,,,,,,,,,,,,,,,,w,w,w,w,,,w,w,w,w,,,,,,,,,,,,,,w,,,w,,,
,,,,,,,,,,,,,w,,,w,,,,,,,,,,,,,,,,,,,,,,,,,,,,,,,,,,,,,,,,,,,,,,,,,,,,,,w,,,,,,,,,w,,,,,,,,,,,,,,w,,,w,,,
,,,,,,,,,,,,,w,,,w,,,,,,,,,,,,,,,,,,,,,,,,,,,,,,,,,,,,,,,,,,,,,,,,,,,,,,w,,,,,,,,,w,,,,,,,,,,,,,,w,,,w,,,
,,,,,,,,,,,,,w,,,w,,,,,,,,,,,,,,,,,,,,,,,,,,,,,,,,,,,,,,,,,,,,,,,,,,,,,,w,,,,,,,,,w,w,w,w,w,w,w,w,,,,,,,w,,,w,,,
,,,,,,,,,,,,,w,,,w,,,,,,,,,,,,,,,,,,,,,,,,,,,,,,,,,,,,,,,,,,,,,,,,,,,,,,w,,,,,,,,,,,,,,,,w,,,,,,,w,,,w,,,
,,,,,,,,,,,,,w,,,w,,,,,,,,,,,,,,,,,,,,,,,,,,,,,,,,,,,,,,,,,,,,,,,,,,,,,,w,,,,,,,,,,w,w,,,,,w,,,,,,,w,,,w,,,
,,,,,,,,,,,,,w,,,w,,,,,,,,,,,,,,,,,,,,,,,,,,,,,,,,,,,,,,,,,,,,,,,,,,,,,,w,,,,,,,,,w,w,w,w,w,,,w,,,,,,,w,,,w,,,
,,,,,,,,,,,,,w,,,w,,,,,,,,,,,,,,,,,,,,,,,,,,,,,,,,,,,,,,,,,,,,,,,,,,,,,,w,,,,,,,,,w,,,,w,,,w,,,,,,,w,,,w,,,
,,,,,,,,,,,,,w,,,w,,,,,,,,,,,,,,,,,,,,,,,,,,,,,,,,,,,,,,,,,,,,,,,,,,,,,,w,,,,,,,,,w,,,,w,,,w,,,,,,,w,,,w,,,
,,,,,,,,,,,,,w,,,w,,,,,,,,,,,,,,,,,,,,,,,,,,,,,,,,,,,,,,,,,,,,,,,,,,,,,,w,w,w,w,,,w,w,w,w,,,,w,,,w,,,,,,,w,,,w,,,
,,,,,,,,,,,,,w,,,w,,,,,,,,,,,,,,,,,,,,,,,,,,,,,,,,,,,,,,,,,,,,,,,,,,,,,,,,,w,,,w,,,,,,,w,,,w,,,,,,,w,,,w,,,
,,,,,,,,,,,,,w,,,w,,,,,,,,,,,,,,,,,,,,,,,,,,,,,,,,,,,,,,,,,,,,,,,,,,,,,,,,,w,,,w,,,,,,,w,,,w,,,,,,,w,,,w,,,
,,,,,,,,,,,,,w,,,w,,,,,,,,,,,,,,,,,,,,,,,,,,,,,,,,,,,,,,,,,,,,,,,,,,,,,,,,,w,,,w,,,,,,,w,,,w,,,,,,,w,,,w,,,
,,,w,w,w,w,w,w,w,w,w,w,w,,,w,,,,,,,,,,,,,,,,,,,,,,,,,,,,,,,,,,,,,,,,,,,,,,,,,,,,,,,,,w,,,w,,,,,,,w,,,w,,,,,,,w,,,w,,,
,,,w,,,,,,,,,,,,,w,,,,,,,,,,,,,,,,,,,,,,,,,,,,,,,,,,,,,,,,,,,,,,,,,,,,,,,,,w,,,w,,,,,,,w,,,w,,,,,,,w,,,w,,,
,,,w,,,,,,,,,,,,,w,,,,,,,,,,,,,,,,,,,,,,,,,,,,,,,,,,,,,,,,,,,,,,,,,,,,,,,,,w,,,w,,,,,,,w,,,w,,,,,,,w,,,w,,,
,,,w,,,w,w,w,w,w,w,w,w,w,w,w,,,,,,,,,,,,,,,,,,,,,,,,,,,,,,,,,,,,,,,,,,,,,,,,,,,,,,,,,w,,,w,,,,,,,w,,,w,,,,,,,w,,,w,,,
,,,w,,,w,,,,,,,,,,,,,,,,,,,,,,,,,,,,,,,,,,,,,,,,,,,,,,,,,,,,,,,,,,,,,,,,,,,w,,,w,,,,,,,w,,,w,,,,,,,w,,,w,,,
,,,w,,w,w,,,,,,,,,,,,,,,,,,,,,,,,,,,,,,,,,,,,,,,,,,,,,,,,,,,,,,,,,,,,,,,,,,,w,,w,w,,,,,,,w,,,w,,,,,,,w,,,w,,,
,,,w,,w,w,,,,,,,,,,,,,,,,,,,,,,,,,,,,,,,,,,,,,,,,,,,,,,,,,,,,,,,,,,,,,,,,,,,w,,w,w,,,,,,,w,,,w,,,,,,,w,,,w,,,
,,,w,,,w,,,,,,,,,,,,,,,,,,,,,,,,,,,,,,,,,,,,,,,,,,,,w,w,w,w,w,w,w,w,w,w,,,,,,,,,,,w,w,w,w,,,w,w,w,w,,,,w,,,w,,,,,,,w,,,w,,,
,,,w,,,w,,,,,,,,,,,,,,,,,,,,,,,,,,,,,,,,,,,,,,,,,,,,w,,,,,,,,,w,,,,,,,,,,,w,,,,,,,,,w,,,,w,,,w,,,,,,,w,,,w,,,
,,,w,,,w,,,,,,,,,,,,,,,,,,,,,,,,,,,,,,,,,,,,,,,,,,,,w,,,,,,,,,w,,,,,,,,,,,w,,,,,,,,,w,,,,w,,,w,,,,,,,w,,,w,,,
,,,w,,,w,,,,,,,w,w,w,w,w,w,w,w,w,w,w,w,w,w,w,w,w,w,w,w,w,w,w,w,w,w,w,w,w,w,w,w,w,w,w,w,w,w,,,,,,,,,w,w,w,w,w,w,w,w,w,w,w,w,,,,,,,,,w,,,,w,,,w,,,,,,,w,,,w,,,
,,,w,,,w,,,,,,,w,,,,,,,,,,,,,,,,,,,,,,,,,,,,,,,,,,,,,,,,,,,,,,,,,,,,,,,,,,,,,,,,,,w,,,,w,,,w,,,,,,,w,,,w,,,
,,,w,,,w,,,,,,,w,,,,,,,,,,,,,,,,,,,,,,,,,,,,,,,,,,,,,,,,,,,,,,,w,w,,,,,,,,,,,,,,,,,,w,,,,w,,,w,,,,,,,w,,,w,,,
,,,w,,,w,,,,,,,w,,,w,w,w,w,w,w,w,w,w,w,w,w,w,w,w,w,w,w,w,w,w,w,w,w,w,w,w,w,w,w,w,w,w,w,w,,,,,,,,,w,w,w,w,w,w,w,w,w,w,w,w,,,,,,,,,w,,,,w,,,w,,,,,,,w,,,w,,,
,,,w,,,w,,,,,,,w,,,w,,,,,,,,,,,,,,,,,,,,,,,,,,,,,,,,,,w,,,,,,,,,w,,,,,,,,,,,w,,,,,,,,,w,,,,w,,,w,,,,,,,w,,,w,,,
,,,w,,,w,,,,,,,w,,w,w,,,,,,,,,,,,,,,,,,,,,,,,,,,,,,,,,,w,,,,,,,,,w,,,,,,,,,,,w,,,,,,,,,w,,,,w,,,w,,,,,,,w,,,w,,,
,,,w,,,w,,,,,,,w,,w,w,,,,,,,,,,,,,,,,,,,,,,,,,,,,,,,,,,w,w,w,w,,,w,w,w,w,,,,,,,,,,,w,w,w,w,,,w,w,w,w,,,,w,,,w,,,,,,,w,,,w,,,
,,,w,,,w,,,,,,,w,,,w,,,,,,,,,,,,,,,,,,,,,,,,,,,,,,,,,,,,,w,,,w,,,,,,,,,,,,,,,,,w,,,w,,,,,,,w,,,w,,,,,,,w,,,w,,,
,,,w,,,w,,,,,,,w,,,w,,,,,,,,,,,,,,,,,,,,,,,,,,,,,,,,,,,,,w,,,w,,,,,,,,,,,,,,,,,w,,,w,,,,,,,w,,,w,,,,,,,w,,,w,,,
,,,w,,,w,,,,,,,w,,,w,,,,,,,,,,,,,,,,,,,,,,,,,,,,,,,,,,,,,w,,,w,,,,,,,,,,,,,,,,,w,,,w,,,,,,,w,,,w,,,,,,,w,,,w,,,
,,,w,,,w,,,,,,,w,,,w,,,,,,,,,,,,,,,,,,,,,,,,,,,,,,,,,,,,,w,,,w,,,,,,,,,,,,,,,,,w,,,w,,,,,,,w,,,w,,,,,,,w,,,w,,,
,,,w,,,w,,,,,,,w,,,w,,,,,,,,,,,,,,,,,,,,,,,,,,,,,,,,,,,,,w,,,w,,,,,,,,,,,,,,,,,w,,,w,,,,,,,w,,,w,,,,,,,w,,,w,,,
,,,w,,,w,,,,,,,w,,,w,,,,,,,,,,,,,,,,,,,,,,,,,,,,,,,,,,,,,w,,,w,,,,,,,,,,,,,,,,,w,,,w,,,,,,,w,,,w,,,,,,,w,,,w,,,
,,,w,,,w,,,,,,,w,,,w,,,,,,,,,,,,,,,,,,,,,,,,,,,,,,,,,,,,,w,,,w,,,,,,,,,,,,,,,,,w,,,w,,,,,,,w,,,w,,,,,,,w,,,w,,,
,,,w,,,w,,,,,,,w,,,w,,,,,,,,,,,,,,,,,,,,,,,,,,,,,,,,,,,,,w,,,w,,,,,,,,,,,,,,,,,w,,,w,,,,,,,w,,,w,,,,,,,w,,,w,,,
,,,w,,,w,,,,,,,w,,,w,,,,,,,,,,,,,,,,,,,,,,,,,,,,,,,,,,,,,w,,w,w,,,,,,,,,,,,,,,,,w,,w,w,,,,,,,w,,,w,,,,,,,w,,,w,,,
,,,w,,,w,,,,,,,w,,,w,,,,,,,,,,,,,,,,,,,,,,,,,,,,,,,,,,,,,w,,w,w,,,,,,,,,,,,,,,,,w,,w,w,,,,,,,w,,,w,,,,,,,w,,,w,,,
,,,w,,,w,,,,w,w,w,w,,,w,w,w,w,,,,,,,,,,,w,w,w,w,w,w,w,w,w,w,,,,,,,,,,,w,w,w,w,,,w,w,w,w,,,,,,,,,,,w,w,w,w,,,w,w,w,w,,,,w,,,w,,,,,,,w,,,w,,,
,,,w,,,w,,,,w,,,,,,,,,w,,,,,,,,,,,w,,,,,,,,,w,,,,,,,,,,,w,,,,,,,,,w,,,,,,,,,,,w,,,,,,,,,w,,,,w,,,w,,,,,,,w,,,w,,,
,,,w,,,w,,,,w,,,,,,,,,w,,,,,,,,,,,w,,,,,,,,,w,,,,,,,,,,,w,,,,,,,,,w,,,,,,,,,,,w,,,,,,,,,w,,,,w,,,w,,,,,,,w,,,w,,,
,,,w,,,w,,,,w,,,,,,,,,w,w,w,w,w,w,w,w,w,w,w,w,,,,,,,,,w,w,w,w,w,w,w,w,w,w,w,w,,,,,,,,,w,w,w,w,w,w,w,w,w,w,w,w,,,,,,,,,w,,,,w,,,w,,,,,,,w,,,w,,,
,,,w,,,w,,,,w,,,,,,,,,,,,,,,,,,,,,,,,,,,,,,,,,,,,,,,,,,,,,,,,,,,,,,,,,,,,,,,,w,w,,,,w,,,,w,,,w,,,,,,,w,,,w,,,
,,,w,,,w,,,,w,,,,,,,,,,w,w,,,,,,,,,,,,,,,,,,,w,w,,,,,,,,,,,,,,,,,,,w,w,,,,,,,,,,,,w,w,w,w,,,w,,,,w,,,w,,,,,,,w,,,w,,,
,,,w,,,w,,,,w,,,,,,,,,w,w,w,w,w,w,w,w,w,w,w,w,,,,,,,,,w,w,w,w,w,w,w,w,w,w,w,w,,,,,,,,,w,w,w,w,w,w,w,w,w,w,w,w,,,,,w,,,,w,,,,w,,,w,,,,,,,w,,,w,,,
,,,w,,,w,,,,w,,,,,,,,,w,,,,,,,,,,,w,,,,,,,,,w,,,,,,,,,,,w,,,,,,,,,w,,,,,,,,,,,w,,,,,,,,,w,,,,w,,,w,,,,,,,w,,,w,,,
,,,w,,,w,,,,w,,,,,,,,,w,,,,,,,,,,,w,,,,,,,,,w,,,,,,,,,,,w,,,,,,,,,w,,,,,,,,,,,w,,,,,,,,,w,,,,w,,,w,,,,,,,w,,,w,,,
,,,w,,,w,,,,w,w,w,w,,,w,w,w,w,,,,,,,,,,,w,w,w,w,,,w,w,w,w,,,,,,,,,,,w,w,w,w,w,w,w,w,w,w,,,,,,,,,,,w,w,w,w,,,w,w,w,w,,,,w,,,w,,,,,,,w,,,w,,,
,,,w,,,w,,,,,,,w,,,w,,,,,,,,,,,,,,,,,w,,,w,,,,,,,,,,,,,,,,,,,,,,,,,,,,,,,,,,,,,w,,,w,,,,,,,w,,,w,,,,,,,w,,,w,,,
,,,w,,,w,,,,,,,w,,,w,,,,,,,,,,,,,,,,,w,,,w,,,,,,,,,,,,,,,,,,,,,,,,,,,,,,,,,,,,,w,,,w,,,,,,,w,,,w,,,,,,,w,,,w,,,
,,,w,,,w,,,,,,,w,,,w,,,,,,,,,,,,,,,,,w,,,w,,,,,,,,,,,,,,,,,,,,,,,,,,,,,,,,,,,,,w,,,w,,,,,,,w,,,w,,,,,,,w,,,w,,,
,,,w,,,w,w,w,w,w,w,w,w,,,w,,,,,,,,,,,,,,,,,w,,,w,,,,,,,,,,,,,,,,,,,,,,,,,,,,,,,,,,,,,w,,,w,,,,,,,w,,,w,,,,,,,w,,,w,,,
,,,w,,,,,,,,,,,,,w,,,,,,,,,,,,,,,,,w,,,w,,,,,,,,,,,,,,,,,,,,,,,,,,,,,,,,,,,,,w,,,w,,,,,,,w,,,w,,,,,,,w,,,w,,,
,,,w,,,,,,,,,,,,,w,,,,,,,,,,,,,,,,,w,,,w,,,,,,,,,,,,,,,,,,,,,,,,,,,,,,,,,,,,,w,,,w,,,,,,,w,,,w,,,,,,,w,,,w,,,
,,,w,w,w,w,w,w,w,w,w,w,w,w,w,w,,,,,,,,,,,,,,,,,w,,,w,,,,,,,,,,,,,,,,,,,,,,,,,,,,,,,,,,,,,w,,,w,,,,,,,w,,,w,,,,,,,w,,,w,,,
,,,,,,,,,,,,,,,,,,,,,,,,,,,,,,,,,w,,,w,,,,,,,,,,,,,,,,,,,,,,,,,,,,,,,,,,,,,w,,,w,,,,,,,w,,,w,,,,,,,w,,,w,,,
,,,,,,,,,,,,,,,,,,,,,,,,,,,,,,,,,w,,w,w,,,,,,,,,,,,,,,,,,,,,,,,,,,,,,,,,,,,,w,,w,w,,,,,,,w,,,w,,,,,,,w,,,w,,,
,,,,,,,,,,,,,,,,,,,,,,,,,,,,,,,,,w,,w,w,,,,,,,,,,,,,,,,,,,,,,,,,,,,,,,,,,,,,w,,w,w,,,,,,,w,,,w,,,,,,,w,,,w,,,
,,,,,,,,,,,,,,,,,,,,,,,,,,,,,,w,w,w,w,,,w,w,w,w,,,,,,,,,,,w,w,w,w,w,w,w,w,w,w,,,,,,,,,,,w,w,w,w,,,w,w,w,w,,,,w,,,w,,,,,,,w,,,w,,,
,,,,,,,,,,,,,,,,,,,,,,,,,,,,,,w,,,,,,,,,w,,,,,,,,,,,w,,,,,,,,,w,,,,,,,,,,,w,,,,,,,,,w,,,,w,,,w,,,,,,,w,,,w,,,
,,,,,,,,,,,,,,,,,,,,,,,,,,,,,,w,,,,,,,,,w,,,,,,,,,,,w,,,,,,,,,w,,,,,,,,,,,w,,,,,,,,,w,,,,w,,,w,,,,,,,w,,,w,,,
,,,,,,,,,,,,,,,,,,,,,,,,,,,,,,w,,,,,,,,,w,w,w,w,w,w,w,w,w,w,w,w,,,,,,,,,w,w,w,w,w,w,w,w,w,w,w,w,,,,,,,,,w,,,,w,,,w,,,,,,,w,,,w,,,
,,,,,,,,,,,,,,,,,,,,,,,,,,,,,,w,,,,,,,,,,,,,,,,,,,,,,,,,,,,,,,,,,,,,,,,,,,,,,,,,w,,,,w,,,w,,,,,,,w,,,w,,,
,,,,,,,,,,,,,,,,,,,,,,,,,,,,,,w,,,,,,,,,,w,w,,,,,,,,,,,,,,,,,,,w,w,,,,,,,,,,,,,,,,,,w,,,,w,,,w,,,,,,,w,,,w,,,
,,,,,,,,,,,,,,,,,,,,,,,,,,,,,,w,,,,,,,,,w,w,w,w,w,w,w,w,w,w,w,w,,,,,,,,,w,w,w,w,w,w,w,w,w,w,w,w,,,,,,,,,w,,,,w,,,w,,,,,,,w,,,w,,,
,,,,,,,,,,,,,,,,,,,,,,,,,,,,,,w,,,,,,,,,w,,,,,,,,,,,w,,,,,,,,,w,,,,,,,,,,,w,,,,,,,,,w,,,,w,,,w,,,,,,,w,,,w,,,
,,,,,,,,,,,,,,,,,,,,,,,,,,,,,,w,,,,,,,,,w,,,,,,,,,,,w,,,,,,,,,w,,,,,,,,,,,w,,,,,,,,,w,,,,w,,,w,,,,,,,w,,,w,,,
,,,,,,,,,,,,,,,,,,,,,,,,,,,,,,w,w,w,w,,,w,w,w,w,,,,,,,,,,,w,w,w,w,,,w,w,w,w,,,,,,,,,,,w,w,w,w,,,w,w,w,w,,,,w,,,w,,,,,,,w,,,w,,,
,,,,,,,,,,,,,,,,,,,,,,,,,,,,,,,,,w,,,w,,,,,,,,,,,,,,,,,w,,,w,,,,,,,,,,,,,,,,,w,,,w,,,,,,,w,,,w,,,,,,,w,,,w,,,
,,,,,,,,,,,,,,,,,,,,,,,,,,,,,,,,,w,,,w,,,,,,,,,,,,,,,,,w,,,w,,,,,,,,,,,,,,,,,w,,,w,,,,,,,w,,,w,,,,,,,w,,,w,,,
,,,,,,,,,,,,,,,,,,,,,,,,,,,,,,,,,w,,,w,,,,,,,,,,,,,,,,,w,,,w,,,,,,,,,,,,,,,,,w,,,w,,,,,,,w,,,w,,,,,,,w,,,w,,,
,,,,,,,,,,,,,,,,,,,,,,,,,,,,,,,,,w,,,w,,,,,,,,,,,,,,,,,w,,,w,,,,,,,,,,,,,,,,,w,,,w,,,,,,,w,,,w,,,,,,,w,,,w,,,
,,,,,,,,,,,,,,,,,,,,,,,,,,,,,,,,,w,,,w,,,,,,,,,,,,,,,,,w,,,w,,,,,,,,,,,,,,,,,w,,,w,,,,,,,w,,,w,,,,,,,w,,,w,,,
,,,,,,,,,,,,,,,,,,,,,,,,,,,,,,,,,w,,,w,,,,,,,,,,,,,,,,,w,,,w,,,,,,,,,,,,,,,,,w,,,w,,,,,,,w,,,w,,,,,,,w,,,w,,,
,,,,,,,,,,,,,,,,,,,,,,,,,,,,,,,,,w,,,w,,,,,,,,,,,,,,,,,w,,,w,,,,,,,,,,,,,,,,,w,,,w,,,,,,,w,,,w,,,,,,,w,,,w,,,
,,,,,,,,,,,,,,,,,,,,,,,,,,,,,,,,,w,,,w,,,,,,,,,,,,,,,,,w,,,w,,,,,,,,,,,,,,,,,w,,,w,,,,,,,w,,,w,,,,,,,w,,,w,,,
,,,,,,,,,,,,,,,,,,,,,,,,,,,,,,,,,w,,w,w,,,,,,,,,,,,,,,,,w,,w,w,,,,,,,,,,,,,,,,,w,,w,w,,,,,,,w,,,w,,,,,,,w,,,w,,,
,,,,,,,,,,,,,,,,,,,,,,,,,,,,,,,,,w,,w,w,,,,,,,,,,,,,,,,,w,,w,w,,,,,,,,,,,,,,,,,w,,w,w,,,,,,,w,,,w,,,,,,,w,,,w,,,
,,,,,,,,,,,,,,,,,,,,,,,,,,,,,,w,w,w,w,,,w,w,w,w,,,,,,,,,,,,,,w,,,w,,,,,,,,,,,,,,w,w,w,w,,,w,w,w,w,,,,w,,,w,,,,,,,w,,,w,,,
,,,,,,,,,,,,,,,,,,,,,,,,,,,,,,w,,,,,,,,,w,,,,,,,,,,,,,,w,,,w,,,,,,,,,,,,,,w,,,,,,,,,w,,,,w,,,w,,,,,,,w,,,w,,,
,,,,,,,,,,,,,,,,,,,,,,,,,,,,,,w,,,,,,,,,w,,,,,,,,,,,,,,w,,,w,,,,,,,,,,,,,,w,,,,,,,,,w,,,,w,,,w,,,,,,,w,,,w,,,
,,,,,,,,,,,,,,,,,,,,,,,,,,,,,,w,,,,,,,,,w,,,,,,,,,,,,,,w,,,w,,,,,,,,,,,,,,w,,,,,,,,,w,w,w,w,w,,,w,,,,,,,w,,,w,,,
,,,,,,,,,,,,,,,,,,,,,,,,,,,,,,w,,,,w,w,,,,w,,,,,,,,,,,,,,w,,,w,,,,,,,,,,,,,,w,,,,w,w,,,,,,,,,,,w,,,,,,,w,,,w,,,
,,,,,,,,,,,,,,,,,,,,,,,,,,,,,,w,,,w,w,w,w,,,w,,,,,,,,,,,,,,w,,,w,,,,,,,,,,,,,,w,,,w,w,w,w,,,,,,,,,,w,,,,,,,w,,,w,,,
,,,,,,,,,,,,,,,,,,,,,,,,,,,,,,w,,,,,w,,,,w,,,,,,,,,,,,,,w,,,w,,,,,,,,,,,,,,w,,,,,w,,,,w,w,w,w,w,w,w,w,,,,,,,w,,,w,,,
,,,,,,,,,,,,,,,,,,,,,,,,,,,,,,w,,,,,,,,,w,,,,,,,,,,,,,,w,,,w,,,,,,,,,,,,,,w,,,,,,,,,w,,,,,,,,,,,,,,w,,,w,,,
,,,,,,,,,,,,,,,,,,,,,,,,,,,,,,w,,,,,,,,,w,,,,,,,,,,,,,,w,,,w,,,,,,,,,,,,,,w,,,,,,,,,w,,,,,,,,,,,,,,w,,,w,,,
,,,,,,,,,,,,,,,,,,,,,,,,,,,,,,w,w,w,w,w,w,w,w,w,w,,,,,,,,,,,,,,w,,,w,,,,,,,,,,,,,,w,w,w,w,,,w,w,w,w,,,,,,,,,,,,,,w,,,w,,,
,,,,,,,,,,,,,,,,,,,,,,,,,,,,,,,,,,,,,,,,,,,,,,,,,,,,,w,,,w,,,,,,,,,,,,,,,,,w,,,w,,,,,,,,,,,,,,,,,w,,,w,,,
,,,,,,,,,,,,,,,,,,,,,,,,,,,,,,,,,,,,,,,,,,,,,,,,,,,,,w,,,w,,,,,,,,,,,,,,,,,w,,,w,,,,,,,,,,,,,,,,,w,,,w,,,
,,,,,,,,,,,,,,,,,,,,,,,,,,,,,,,,,,,,,,,,,,,,,,,,,,,,,w,,,w,,,,,,,,,,,,,,,,,w,,,w,,,,,,,,,,,,,,,,,w,,,w,,,
,,,,,,,,,,,,,,,,,,,,,,,,,,,,,,,,,,,,,,,,,,,,,,,,,,,,,w,,,w,,,,,,,,,,,,,,,,,w,,,w,,,,,,,w,w,w,w,w,w,w,w,w,w,w,,,w,,,
,,,,,,,,,,,,,,,,,,,,,,,,,,,,,,,,,,,,,,,,,,,,,,,,,,,,,w,,,w,,,,,,,,,,,,,,,,,w,,,w,,,,,,,w,,,,,,,,,,,,,w,,,
,,,,,,,,,,,,,,,,,,,,,,,,,,,,,,,,,,,,,,,,,,,,,,,,,,,,,w,,,w,,,,,,,,,,,,,,,,,w,,,w,,,,,,,w,,,,,,,,,,,,,w,,,
,,,,,,,,,,,,,,,,,,,,,,,,,,,,,,,,,,,,,,,,,,,,,,,,,,,,,w,,,w,,,,,,,,,,,,,,,,,w,,,w,,,,,,,w,,,w,w,w,w,w,w,w,w,w,w,w,,,
,,,,,,,,,,,,,,,,,,,,,,,,,,,,,,,,,,,,,,,,,,,,,,,,,,,,,w,,,w,,,,,,,,,,,,,,,,,w,,,w,,,,,,,w,,,w,,,,,,,,,,,,,
,,,,,,,,,,,,,,,,,,,,,,,,,,,,,,,,,,,,,,,,,,,,,,,,,,,,,w,,,w,,,,,,,,,,,,,,,,,w,,w,w,,,,,,,w,,,w,,,,,,,,,,,,,
,,,,,,,,,,,,,,,,,,,,,,,,,,,,,,,,,,,,,,,,,,,,,,,,,,,,,w,,,w,,,,,,,,,,,,,,,,,w,,w,w,,,,,,,w,,,w,,,,,,,,,,,,,
,,,,,,,,,,,,,,,,,,,,,,,,,,,,,,,,,,,,,,,,,,,,,,,,,,,,,w,,,w,,,,,,,,,,,,,,w,w,w,w,,,w,w,w,w,,,,w,,,w,,,,,,,,,,,,,
,,,,,,,,,,,,,,,,,,,,,,,,,,,,,,,,,,,,,,,,,,,,,,,,,,,,,w,,,w,,,,,,,,,,,,,,w,,,,,,,,,w,,,,w,,,w,,,,,,,,,,,,,
,,,,,,,,,,,,,,,,,,,,,,,,,,,,,,,,,,,,,,,,,,,,,,,,,,,,,w,,,w,,,,,,,,,,,,,,w,,,,,,,,,w,,,,w,,,w,,,,,,,,,,,,,
,,,,,,,,,,,,,,,,,,,,,,,,,,,,,,,,,,,,,,,,,,,,,,,,,,,,,w,,,w,w,w,w,w,w,w,w,w,w,w,w,w,w,w,,,,,,,,,w,w,w,w,w,,,w,,,,,,,,,,,,,
,,,,,,,,,,,,,,,,,,,,,,,,,,,,,,,,,,,,,,,,,,,,,,,,,,,,,w,,,,,,,,,,,,,,,,,,,,,,,,,,,,,,,,,w,,,,,,,,,,,,,
,,,,,,,,,,,,,,,,,,,,,,,,,,,,,,,,,,,,,,,,,,,,,,,,,,,,,w,,,,,,,,,,,,,,,,,,,,,,,,,,,,,,,,,w,,,,,,,,,,,,,
,,,,,,,,,,,,,,,,,,,,,,,,,,,,,,,,,,,,,,,,,,,,,,,,,,,,,w,w,w,w,w,w,w,w,w,w,w,w,w,w,w,w,w,w,,,,,,,,,w,w,w,w,w,w,w,w,,,,,,,,,,,,,
,,,,,,,,,,,,,,,,,,,,,,,,,,,,,,,,,,,,,,,,,,,,,,,,,,,,,,,,,,,,,,,,,,,,,,w,,,,,,,,,w,,,,,,,,,,,,,,,,,,,,
,,,,,,,,,,,,,,,,,,,,,,,,,,,,,,,,,,,,,,,,,,,,,,,,,,,,,,,,,,,,,,,,,,,,,,w,,,,,,,,,w,,,,,,,,,,,,,,,,,,,,
,,,,,,,,,,,,,,,,,,,,,,,,,,,,,,,,,,,,,,,,,,,,,,,,,,,,,,,,,,,,,,,,,,,,,,w,w,w,w,w,w,w,w,w,w,,,,,,,,,,,,,,,,,,,,
|,,,,,,,,,,,,,,,,,,,,,,,,,,,,,,,,,,,,,,,,,,,,,,,,,,,,,,,,,,,,,,,,,,,,,,,,,,,,,,,,,,,,,,,,,,,,,,,,,,,
,,,,,,,,,,,,,,,,,,,,,,,,,,,,,,,,,,,,,,,,,,,,,,,,,,,,,,,,,,,,,,,,,,,,,,,,,,,,,,,,,,,,,,,,,,,,,,,,,,,
,,,,,,,,,,,,,,,,,,,,,,,,,,,,,,,,,,,,,,,,,,,,,,,,,,,,,,,,,,,,,,,,,,,,,,,,,,,,,,,,,,,,,,,,,,,,,,,,,,,
,,,,,,,,,,,,,w,w,w,w,w,w,w,w,w,w,w,w,w,w,w,w,w,w,w,w,w,w,w,w,w,w,w,w,w,w,w,w,w,w,w,w,w,w,w,w,w,w,w,w,w,w,w,w,w,w,w,w,w,w,w,w,w,w,w,w,w,w,w,w,,,,,,,,,,,,,,,,,,,,,,,
,,,,,,,,,,,,,w,,,,,,,,,,,,,,,,,,,,,,,,,,,,,,,,,,,,,,,,,,,,,,,,,,,,,,,,,,,,,,,w,,,,,,,,,,,,,,,,,,,,,,,
,,,,,,,,,,,,,w,,,,,,,,,,,,,,,,,,,,,,,,,,,,,,,,,,,,,,,,,,,,,,,,,,,,,,,,,,,,,,,w,,,,,,,,,,,,,,,,,,,,,,,
,,,,,,,,,,,,,w,,,w,w,w,w,w,w,w,w,w,w,w,w,w,w,w,w,w,w,w,w,w,w,w,w,w,w,w,w,w,w,w,w,w,w,w,w,w,w,w,w,w,w,w,w,w,w,w,w,w,w,w,w,w,w,w,w,w,w,,,w,,,,,,,,,,,,,,,,,,,,,,,
,,,,,,,,,,,,,w,,,w,,,,,,,,,,,,,,,,,,,,,,,,,,,,,,,,,,,,,,,,,,,,,,,,,,,,,,,,,w,,,w,,,,,,,,,,,,,,,,,,,,,,,
,,,,,,,,,,,,,w,,,w,,,,,,,,,,,,,,,,,,,,,,,,,,,,,,,,,,,,,,,,,,,,,,,,,,,,,,,,,w,,,w,,,,,,,,,,,,,,,,,,,,,,,
,,,,,,,,,,,,,w,,,w,,,,,,,,,,,,,,,,,,,,,,,,,,,,,,,,,,,,,,,,,,,,,,,,,,,,,,,,,w,,,w,,,,,,,,,,,,,,,,,,,,,,,
,,,,,,,,,,,,,w,,,w,,,,,,,,,,,,,,,,,,,,,,,,,,,,,,,,,,,,,,,,,,,,,,,,,,,,,,w,w,w,w,,,w,w,w,w,,,,,,,,,,,,,,,,,,,,
,,,,,,,,,,,,,w,,,w,,,,,,,,,,,,,,,,,,,,,,,,,,,,,,,,,,,,,,,,,,,,,,,,,,,,,,w,,,,,,,,,w,,,,,,,,,,,,,,,,,,,,
,,,,,,,,,,,,,w,,,w,,,,,,,,,,,,,,,,,,,,,,,,,,,,,,,,,,,,,,,,,,,,,,,,,,,,,,w,,,,,,,,,w,,,,,,,,,,,,,,,,,,,,
,,,,,,,,,,,,,w,,,w,,,,,,,,,,,,,,,,,,,,,,,,,,,,,,,,,,,,,,,,,,,,,,,,,,,,,,w,,,,,,,,,w,w,w,w,w,w,w,w,,,,,,,,,,,,,
,,,,,,,,,,,,,w,,,w,,,,,,,,,,,,,,,,,,,,,,,,,,,,,,,,,,,,,,,,,,,,,,,,,,,,,,w,,,,,,,,,,w,,,,,,w,,,,,,,,,,,,,
,,,,,,,,,,,,,w,,,w,,,,,,,,,,,,,,,,,,,,,,,,,,,,,,,,,,,,,,,,,,,,,,,,,,,,,,w,,,,,,,,,,w,w,,,,,w,,,,,,,,,,,,,
,,,,,,,,,,,,,w,,,w,,,,,,,,,,,,,,,,,,,,,,,,,,,,,,,,,,,,,,,,,,,,,,,,,,,,,,w,,,,,,,,,w,w,w,w,w,,,w,,,,,,,,,,,,,
,,,,,,,,,,,,,w,,,w,,,,,,,,,,,,,,,,,,,,,,,,,,,,,,,,,,,,,,,,,,,,,,,,,,,,,,w,,,,,,,,,w,,,,w,,,w,,,,,,,,,,,,,
,,,,,,,,,,,,,w,,,w,,,,,,,,,,,,,,,,,,,,,,,,,,,,,,,,,,,,,,,,,,,,,,,,,,,,,,w,,,,,,,,,w,,,,w,,,w,,,,,,,,,,,,,
,,,,,,,,,,,,,w,,,w,,,,,,,,,,,,,,,,,,,,,,,,,,,,,,,,,,,,,,,,,,,,,,,,,,,,,,w,w,w,w,,,w,w,w,w,,,,w,,,w,,,,,,,,,,,,,
,,,,,,,,,,,,,w,,,w,,,,,,,,,,,,,,,,,,,,,,,,,,,,,,,,,,,,,,,,,,,,,,,,,,,,,,,,,w,,,w,,,,,,,w,,,w,,,,,,,,,,,,,
,,,,,,,,,,,,,w,,,w,,,,,,,,,,,,,,,,,,,,,,,,,,,,,,,,,,,,,,,,,,,,,,,,,,,,,,,,,w,,,w,,,,,,,w,,,w,,,,,,,,,,,,,
,,,,,,,,,,,,,w,,,w,,,,,,,,,,,,,,,,,,,,,,,,,,,,,,,,,,,,,,,,,,,,,,,,,,,,,,,,,w,,,w,,,,,,,w,,,w,,,,,,,,,,,,,
,,,,,,,,,,,,,w,,,w,,,,,,,,,,,,,,,,,,,,,,,,,,,,,,,,,,,,,,,,,,,,,,,,,,,,,,,,,w,,,w,,,,,,,w,,,w,w,w,w,w,w,w,w,w,w,w,,,
,,,,,,,,,,,,,w,,,w,,,,,,,,,,,,,,,,,,,,,,,,,,,,,,,,,,,,,,,,,,,,,,,,,,,,,,,,,w,,,w,,,,,,,w,,,,,,,,,,,,,w,,,
,,,,,,,,,,,,,w,,,w,,,,,,,,,,,,,,,,,,,,,,,,,,,,,,,,,,,,,,,,,,,,,,,,,,,,,,,,,w,,,w,,,,,,,w,,,,,,,,,,,,,w,,,
,,,,,,,,,,,,,w,,,w,,,,,,,,,,,,,,,,,,,,,,,,,,,,,,,,,,,,,,,,,,,,,,,,,,,,,,,,,w,,,w,,,,,,,w,w,w,w,w,w,w,w,w,w,w,,,w,,,
,,,,,,,,,,,,,w,,,w,,,,,,,,,,,,,,,,,,,,,,,,,,,,,,,,,,,,,,,,,,,,,,,,,,,,,,,,,w,,,w,,,,,,,,,,,,,,,,,w,,,w,,,
,,,,,,,,,,,,,w,,,w,,,,,,,,,,,,,,,,,,,,,,,,,,,,,,,,,,,,,,,,,,,,,,,,,,,,,,,,,w,,w,w,,,,,,,,,,,,,,,,,w,,,w,,,
,,,,,,,,,,,,,w,,,w,,,,,,,,,,,,,,,,,,,,,,,,,,,,,,,,,,,,,,,,,,,,,,,,,,,,,,,,,w,w,w,w,,,,,,,,,,,,,,,,,w,,,w,,,
,,,,,,,,,,,,,w,,,w,,,,,,,,,,,,,,,,,,,,,,,,,,,,,,,,,,,,,,,,,,,,,,,,,,,,,,w,w,w,w,,,w,w,w,w,,,,,,,,,,,,,,w,,,w,,,
,,,,,,,,,,,,,w,,,w,,,,,,,,,,,,,,,,,,,,,,,,,,,,,,,,,,,,,,,,,,,,,,,,,,,,,,w,,,,,,,,,w,,,,,,,,,,,,,,w,,,w,,,
,,,,,,,,,,,,,w,,,w,,,,,,,,,,,,,,,,,,,,,,,,,,,,,,,,,,,,,,,,,,,,,,,,,,,,,,w,,,,,,,,,w,,,,,,,,,,,,,,w,,,w,,,
,,,,,,,,,,,,,w,,,w,,,,,,,,,,,,,,,,,,,,,,,,,,,,,,,,,,,,,,,,,,,,,,,,,,,,,,w,,,,,,,,,w,w,w,w,w,w,w,w,,,,,,,w,,,w,,,
,,,,,,,,,,,,,w,,,w,,,,,,,,,,,,,,,,,,,,,,,,,,,,,,,,,,,,,,,,,,,,,,,,,,,,,,w,,,,,,,,,,w,,,,,,w,,,,,,,w,,,w,,,
,,,,,,,,,,,,,w,,,w,,,,,,,,,,,,,,,,,,,,,,,,,,,,,,,,,,,,,,,,,,,,,,,,,,,,,,w,,,,,,,,,,w,w,,,,,w,,,,,,,w,,,w,,,
,,,,,,,,,,,,,w,,,w,,,,,,,,,,,,,,,,,,,,,,,,,,,,,,,,,,,,,,,,,,,,,,,,,,,,,,w,,,,,,,,,w,w,w,w,w,,,w,,,,,,,w,,,w,,,
,,,,,,,,,,,,,w,,,w,,,,,,,,,,,,,,,,,,,,,,,,,,,,,,,,,,,,,,,,,,,,,,,,,,,,,,w,,,,,,,,,w,,,,w,,,w,,,,,,,w,,,w,,,
,,,,,,,,,,,,,w,,,w,,,,,,,,,,,,,,,,,,,,,,,,,,,,,,,,,,,,,,,,,,,,,,,,,,,,,,w,,,,,,,,,w,,,,w,,,w,,,,,,,w,,,w,,,
,,,,,,,,,,,,,w,,,w,,,,,,,,,,,,,,,,,,,,,,,,,,,,,,,,,,,,,,,,,,,,,,,,,,,,,,w,w,w,w,,,w,w,w,w,,,,w,,,w,,,,,,,w,,,w,,,
,,,,,,,,,,,,,w,,,w,,,,,,,,,,,,,,,,,,,,,,,,,,,,,,,,,,,,,,,,,,,,,,,,,,,,,,,,,w,,,w,,,,,,,w,,,w,,,,,,,w,,,w,,,
,,,,,,,,,,,,,w,,,w,,,,,,,,,,,,,,,,,,,,,,,,,,,,,,,,,,,,,,,,,,,,,,,,,,,,,,,,,w,,,w,,,,,,,w,,,w,,,,,,,w,,,w,,,
,,,,,,,,,,,,,w,,,w,,,,,,,,,,,,,,,,,,,,,,,,,,,,,,,,,,,,,,,,,,,,,,,,,,,,,,,,,w,,,w,,,,,,,w,,,w,,,,,,,w,,,w,,,
,,,w,w,w,w,w,w,w,w,w,w,w,,,w,,,,,,,,,,,,,,,,,,,,,,,,,,,,,,,,,,,,,,,,,,,,,,,,,,,,,,,,,w,,,w,,,,,,,w,,,w,,,,,,,w,,,w,,,
,,,w,,,,,,,,,,,,,w,,,,,,,,,,,,,,,,,,,,,,,,,,,,,,,,,,,,,,,,,,,,,,,,,,,,,,,,,w,,,w,,,,,,,w,,,w,,,,,,,w,,,w,,,
,,,w,,,,,,,,,,,,,w,,,,,,,,,,,,,,,,,,,,,,,,,,,,,,,,,,,,,,,,,,,,,,,,,,,,,,,,,w,,,w,,,,,,,w,,,w,,,,,,,w,,,w,,,
,,,w,,,w,w,w,w,w,w,w,w,w,w,w,,,,,,,,,,,,,,,,,,,,,,,,,,,,,,,,,,,,,,,,,,,,,,,,,,,,,,,,,w,,,w,,,,,,,w,,,w,,,,,,,w,,,w,,,
,,,w,,,w,,,,,,,,,,,,,,,,,,,,,,,,,,,,,,,,,,,,,,,,,,,,,,,,,,,,,,,,,,,,,,,,,,,w,,,w,,,,,,,w,,,w,,,,,,,w,,,w,,,
,,,w,,w,w,,,,,,,,,,,,,,,,,,,,,,,,,,,,,,,,,,,,,,,,,,,,,,,,,,,,,,,,,,,,,,,,,,,w,,w,w,,,,,,,w,,,w,,,,,,,w,,,w,,,
,,,w,w,w,w,,,,,,,,,,,,,,,,,,,,,,,,,,,,,,,,,,,,,,,,,,,,,,,,,,,,,,,,,,,,,,,,,,,w,w,w,w,,,,,,,w,,,w,,,,,,,w,,,w,,,
,,,w,,,w,,,,,,,,,,,,,,,,,,,,,,,,,,,,,,,,,,,,,,,,,,,,w,w,w,w,w,w,w,w,w,w,,,,,,,,,,,w,w,w,w,,,w,w,w,w,,,,w,,,w,,,,,,,w,,,w,,,
,,,w,,,w,,,,,,,,,,,,,,,,,,,,,,,,,,,,,,,,,,,,,,,,,,,,w,,,,,,,,,w,,,,,,,,,,,w,,,,,,,,,w,,,,w,,,w,,,,,,,w,,,w,,,
,,,w,,,w,,,,,,,,,,,,,,,,,,,,,,,,,,,,,,,,,,,,,,,,,,,,w,,,,,,,,,w,,,,,,,,,,,w,,,,,,,,,w,,,,w,,,w,,,,,,,w,,,w,,,
,,,w,,,w,,,,,,,w,w,w,w,w,w,w,w,w,w,w,w,w,w,w,w,w,w,w,w,w,w,w,w,w,w,w,w,w,w,w,w,w,w,w,w,w,w,,,,,,,,,w,w,w,w,w,w,w,w,w,w,w,w,,,,,,,,,w,,,,w,,,w,,,,,,,w,,,w,,,
,,,w,,,w,,,,,,,w,,,,,,,,,,,,,,,,,,,,,,,,,,,,,,,,,,,,,,,,,,,,,,,w,,,,,,,,,,,,,,,,,,,w,,,,w,,,w,,,,,,,w,,,w,,,
,,,w,,,w,,,,,,,w,,,,,,,,,,,,,,,,,,,,,,,,,,,,,,,,,,,,,,,,,,,,,,,w,w,,,,,,,,,,,,,,,,,,w,,,,w,,,w,,,,,,,w,,,w,,,
,,,w,,,w,,,,,,,w,,,w,w,w,w,w,w,w,w,w,w,w,w,w,w,w,w,w,w,w,w,w,w,w,w,w,w,w,w,w,w,w,w,w,w,w,,,,,,,,,w,w,w,w,w,w,w,w,w,w,w,w,,,,,,,,,w,,,,w,,,w,,,,,,,w,,,w,,,
,,,w,,,w,,,,,,,w,,,w,,,,,,,,,,,,,,,,,,,,,,,,,,,,,,,,,,w,,,,,,,,,w,,,,,,,,,,,w,,,,,,,,,w,,,,w,,,w,,,,,,,w,,,w,,,
,,,w,,,w,,,,,,,w,,w,w,,,,,,,,,,,,,,,,,,,,,,,,,,,,,,,,,,w,,,,,,,,,w,,,,,,,,,,,w,,,,,,,,,w,,,,w,,,w,,,,,,,w,,,w,,,
,,,w,,,w,,,,,,,w,w,w,w,,,,,,,,,,,,,,,,,,,,,,,,,,,,,,,,,,w,w,w,w,,,w,w,w,w,,,,,,,,,,,w,w,w,w,,,w,w,w,w,,,,w,,,w,,,,,,,w,,,w,,,
,,,w,,,w,,,,,,,w,,,w,,,,,,,,,,,,,,,,,,,,,,,,,,,,,,,,,,,,,w,,,w,,,,,,,,,,,,,,,,,w,,,w,,,,,,,w,,,w,,,,,,,w,,,w,,,
,,,w,,,w,,,,,,,w,,,w,,,,,,,,,,,,,,,,,,,,,,,,,,,,,,,,,,,,,w,,,w,,,,,,,,,,,,,,,,,w,,,w,,,,,,,w,,,w,,,,,,,w,,,w,,,
,,,w,,,w,,,,,,,w,,,w,,,,,,,,,,,,,,,,,,,,,,,,,,,,,,,,,,,,,w,,,w,,,,,,,,,,,,,,,,,w,,,w,,,,,,,w,,,w,,,,,,,w,,,w,,,
,,,w,,,w,,,,,,,w,,,w,,,,,,,,,,,,,,,,,,,,,,,,,,,,,,,,,,,,,w,,,w,,,,,,,,,,,,,,,,,w,,,w,,,,,,,w,,,w,,,,,,,w,,,w,,,
,,,w,,,w,,,,,,,w,,,w,,,,,,,,,,,,,,,,,,,,,,,,,,,,,,,,,,,,,w,,,w,,,,,,,,,,,,,,,,,w,,,w,,,,,,,w,,,w,,,,,,,w,,,w,,,
,,,w,,,w,,,,,,,w,,,w,,,,,,,,,,,,,,,,,,,,,,,,,,,,,,,,,,,,,w,,,w,,,,,,,,,,,,,,,,,w,,,w,,,,,,,w,,,w,,,,,,,w,,,w,,,
,,,w,,,w,,,,,,,w,,,w,,,,,,,,,,,,,,,,,,,,,,,,,,,,,,,,,,,,,w,,,w,,,,,,,,,,,,,,,,,w,,,w,,,,,,,w,,,w,,,,,,,w,,,w,,,
,,,w,,,w,,,,,,,w,,,w,,,,,,,,,,,,,,,,,,,,,,,,,,,,,,,,,,,,,w,,,w,,,,,,,,,,,,,,,,,w,,,w,,,,,,,w,,,w,,,,,,,w,,,w,,,
,,,w,,,w,,,,,,,w,,,w,,,,,,,,,,,,,,,,,,,,,,,,,,,,,,,,,,,,,w,,w,w,,,,,,,,,,,,,,,,,w,,w,w,,,,,,,w,,,w,,,,,,,w,,,w,,,
,,,w,,,w,,,,,,,w,,,w,,,,,,,,,,,,,,,,,,,,,,,,,,,,,,,,,,,,,w,w,w,w,,,,,,,,,,,,,,,,,w,w,w,w,,,,,,,w,,,w,,,,,,,w,,,w,,,
,,,w,,,w,,,,w,w,w,w,,,w,w,w,w,,,,,,,,,,,w,w,w,w,w,w,w,w,w,w,,,,,,,,,,,w,w,w,w,,,w,w,w,w,,,,,,,,,,,w,w,w,w,,,w,w,w,w,,,,w,,,w,,,,,,,w,,,w,,,
,,,w,,,w,,,,w,,,,,,,,,w,,,,,,,,,,,w,,,,,,,,,w,,,,,,,,,,,w,,,,,,,,,w,,,,,,,,,,,w,,,,,,,,,w,,,,w,,,w,,,,,,,w,,,w,,,
,,,w,,,w,,,,w,,,,,,,,,w,,,,,,,,,,,w,,,,,,,,,w,,,,,,,,,,,w,,,,,,,,,w,,,,,,,,,,,w,,,,,,,,,w,,,,w,,,w,,,,,,,w,,,w,,,
,,,w,,,w,,,,w,,,,,,,,,w,w,w,w,w,w,w,w,w,w,w,w,,,,,,,,,w,w,w,w,w,w,w,w,w,w,w,w,,,,,,,,,w,w,w,w,w,w,w,w,w,w,w,w,,,,,,,,,w,,,,w,,,w,,,,,,,w,,,w,,,
,,,w,,,w,,,,w,,,,,,,,,,w,,,,,,,,,,,,,,,,,,,,w,,,,,,,,,,,,,,,,,,,,w,,,,,,,,,,,,,,w,w,,,,w,,,,w,,,w,,,,,,,w,,,w,,,
,,,w,,,w,,,,w,,,,,,,,,,w,w,,,,,,,,,,,,,,,,,,,w,w,,,,,,,,,,,,,,,,,,,w,w,,,,,,,,,,,,w,w,w,w,,,w,,,,w,,,w,,,,,,,w,,,w,,,
,,,w,,,w,,,,w,,,,,,,,,w,w,w,w,w,w,w,w,w,w,w,w,,,,,,,,,w,w,w,w,w,w,w,w,w,w,w,w,,,,,,,,,w,w,w,w,w,w,w,w,w,w,w,w,,,,,w,,,,w,,,,w,,,w,,,,,,,w,,,w,,,
,,,w,,,w,,,,w,,,,,,,,,w,,,,,,,,,,,w,,,,,,,,,w,,,,,,,,,,,w,,,,,,,,,w,,,,,,,,,,,w,,,,,,,,,w,,,,w,,,w,,,,,,,w,,,w,,,
,,,w,,,w,,,,w,,,,,,,,,w,,,,,,,,,,,w,,,,,,,,,w,,,,,,,,,,,w,,,,,,,,,w,,,,,,,,,,,w,,,,,,,,,w,,,,w,,,w,,,,,,,w,,,w,,,
,,,w,,,w,,,,w,w,w,w,,,w,w,w,w,,,,,,,,,,,w,w,w,w,,,w,w,w,w,,,,,,,,,,,w,w,w,w,w,w,w,w,w,w,,,,,,,,,,,w,w,w,w,,,w,w,w,w,,,,w,,,w,,,,,,,w,,,w,,,
,,,w,,,w,,,,,,,w,,,w,,,,,,,,,,,,,,,,,w,,,w,,,,,,,,,,,,,,,,,,,,,,,,,,,,,,,,,,,,,w,,,w,,,,,,,w,,,w,,,,,,,w,,,w,,,
,,,w,,,w,,,,,,,w,,,w,,,,,,,,,,,,,,,,,w,,,w,,,,,,,,,,,,,,,,,,,,,,,,,,,,,,,,,,,,,w,,,w,,,,,,,w,,,w,,,,,,,w,,,w,,,
,,,w,,,w,,,,,,,w,,,w,,,,,,,,,,,,,,,,,w,,,w,,,,,,,,,,,,,,,,,,,,,,,,,,,,,,,,,,,,,w,,,w,,,,,,,w,,,w,,,,,,,w,,,w,,,
,,,w,,,w,w,w,w,w,w,w,w,,,w,,,,,,,,,,,,,,,,,w,,,w,,,,,,,,,,,,,,,,,,,,,,,,,,,,,,,,,,,,,w,,,w,,,,,,,w,,,w,,,,,,,w,,,w,,,
,,,w,,,,,,,,,,,,,w,,,,,,,,,,,,,,,,,w,,,w,,,,,,,,,,,,,,,,,,,,,,,,,,,,,,,,,,,,,w,,,w,,,,,,,w,,,w,,,,,,,w,,,w,,,
,,,w,,,,,,,,,,,,,w,,,,,,,,,,,,,,,,,w,,,w,,,,,,,,,,,,,,,,,,,,,,,,,,,,,,,,,,,,,w,,,w,,,,,,,w,,,w,,,,,,,w,,,w,,,
,,,w,w,w,w,w,w,w,w,w,w,w,w,w,w,,,,,,,,,,,,,,,,,w,,,w,,,,,,,,,,,,,,,,,,,,,,,,,,,,,,,,,,,,,w,,,w,,,,,,,w,,,w,,,,,,,w,,,w,,,
,,,,,,,,,,,,,,,,,,,,,,,,,,,,,,,,,w,,,w,,,,,,,,,,,,,,,,,,,,,,,,,,,,,,,,,,,,,w,,,w,,,,,,,w,,,w,,,,,,,w,,,w,,,
,,,,,,,,,,,,,,,,,,,,,,,,,,,,,,,,,w,,w,w,,,,,,,,,,,,,,,,,,,,,,,,,,,,,,,,,,,,,w,,w,w,,,,,,,w,,,w,,,,,,,w,,,w,,,
,,,,,,,,,,,,,,,,,,,,,,,,,,,,,,,,,w,w,w,w,,,,,,,,,,,,,,,,,,,,,,,,,,,,,,,,,,,,,w,w,w,w,,,,,,,w,,,w,,,,,,,w,,,w,,,
,,,,,,,,,,,,,,,,,,,,,,,,,,,,,,w,w,w,w,,,w,w,w,w,,,,,,,,,,,w,w,w,w,w,w,w,w,w,w,,,,,,,,,,,w,w,w,w,,,w,w,w,w,,,,w,,,w,,,,,,,w,,,w,,,
,,,,,,,,,,,,,,,,,,,,,,,,,,,,,,w,,,,,,,,,w,,,,,,,,,,,w,,,,,,,,,w,,,,,,,,,,,w,,,,,,,,,w,,,,w,,,w,,,,,,,w,,,w,,,
,,,,,,,,,,,,,,,,,,,,,,,,,,,,,,w,,,,,,,,,w,,,,,,,,,,,w,,,,,,,,,w,,,,,,,,,,,w,,,,,,,,,w,,,,w,,,w,,,,,,,w,,,w,,,
,,,,,,,,,,,,,,,,,,,,,,,,,,,,,,w,,,,,,,,,w,w,w,w,w,w,w,w,w,w,w,w,,,,,,,,,w,w,w,w,w,w,w,w,w,w,w,w,,,,,,,,,w,,,,w,,,w,,,,,,,w,,,w,,,
,,,,,,,,,,,,,,,,,,,,,,,,,,,,,,w,,,,,,,,,,w,,,,,,,,,,,,,,,,,,,,w,,,,,,,,,,,,,,,,,,,w,,,,w,,,w,,,,,,,w,,,w,,,
,,,,,,,,,,,,,,,,,,,,,,,,,,,,,,w,,,,,,,,,,w,w,,,,,,,,,,,,,,,,,,,w,w,,,,,,,,,,,,,,,,,,w,,,,w,,,w,,,,,,,w,,,w,,,
,,,,,,,,,,,,,,,,,,,,,,,,,,,,,,w,,,,,,,,,w,w,w,w,w,w,w,w,w,w,w,w,,,,,,,,,w,w,w,w,w,w,w,w,w,w,w,w,,,,,,,,,w,,,,w,,,w,,,,,,,w,,,w,,,
,,,,,,,,,,,,,,,,,,,,,,,,,,,,,,w,,,,,,,,,w,,,,,,,,,,,w,,,,,,,,,w,,,,,,,,,,,w,,,,,,,,,w,,,,w,,,w,,,,,,,w,,,w,,,
,,,,,,,,,,,,,,,,,,,,,,,,,,,,,,w,,,,,,,,,w,,,,,,,,,,,w,,,,,,,,,w,,,,,,,,,,,w,,,,,,,,,w,,,,w,,,w,,,,,,,w,,,w,,,
,,,,,,,,,,,,,,,,,,,,,,,,,,,,,,w,w,w,w,,,w,w,w,w,,,,,,,,,,,w,w,w,w,,,w,w,w,w,,,,,,,,,,,w,w,w,w,,,w,w,w,w,,,,w,,,w,,,,,,,w,,,w,,,
,,,,,,,,,,,,,,,,,,,,,,,,,,,,,,,,,w,,,w,,,,,,,,,,,,,,,,,w,,,w,,,,,,,,,,,,,,,,,w,,,w,,,,,,,w,,,w,,,,,,,w,,,w,,,
,,,,,,,,,,,,,,,,,,,,,,,,,,,,,,,,,w,,,w,,,,,,,,,,,,,,,,,w,,,w,,,,,,,,,,,,,,,,,w,,,w,,,,,,,w,,,w,,,,,,,w,,,w,,,
,,,,,,,,,,,,,,,,,,,,,,,,,,,,,,,,,w,,,w,,,,,,,,,,,,,,,,,w,,,w,,,,,,,,,,,,,,,,,w,,,w,,,,,,,w,,,w,,,,,,,w,,,w,,,
,,,,,,,,,,,,,,,,,,,,,,,,,,,,,,,,,w,,,w,,,,,,,,,,,,,,,,,w,,,w,,,,,,,,,,,,,,,,,w,,,w,,,,,,,w,,,w,,,,,,,w,,,w,,,
,,,,,,,,,,,,,,,,,,,,,,,,,,,,,,,,,w,,,w,,,,,,,,,,,,,,,,,w,,,w,,,,,,,,,,,,,,,,,w,,,w,,,,,,,w,,,w,,,,,,,w,,,w,,,
,,,,,,,,,,,,,,,,,,,,,,,,,,,,,,,,,w,,,w,,,,,,,,,,,,,,,,,w,,,w,,,,,,,,,,,,,,,,,w,,,w,,,,,,,w,,,w,,,,,,,w,,,w,,,
,,,,,,,,,,,,,,,,,,,,,,,,,,,,,,,,,w,,,w,,,,,,,,,,,,,,,,,w,,,w,,,,,,,,,,,,,,,,,w,,,w,,,,,,,w,,,w,,,,,,,w,,,w,,,
,,,,,,,,,,,,,,,,,,,,,,,,,,,,,,,,,w,,,w,,,,,,,,,,,,,,,,,w,,,w,,,,,,,,,,,,,,,,,w,,,w,,,,,,,w,,,w,,,,,,,w,,,w,,,
,,,,,,,,,,,,,,,,,,,,,,,,,,,,,,,,,w,,w,w,,,,,,,,,,,,,,,,,w,,w,w,,,,,,,,,,,,,,,,,w,,w,w,,,,,,,w,,,w,,,,,,,w,,,w,,,
,,,,,,,,,,,,,,,,,,,,,,,,,,,,,,,,,w,w,w,w,,,,,,,,,,,,,,,,,w,w,w,w,,,,,,,,,,,,,,,,,w,w,w,w,,,,,,,w,,,w,,,,,,,w,,,w,,,
,,,,,,,,,,,,,,,,,,,,,,,,,,,,,,w,w,w,w,,,w,w,w,w,,,,,,,,,,,,,,w,,,w,,,,,,,,,,,,,,w,w,w,w,,,w,w,w,w,,,,w,,,w,,,,,,,w,,,w,,,
,,,,,,,,,,,,,,,,,,,,,,,,,,,,,,w,,,,,,,,,w,,,,,,,,,,,,,,w,,,w,,,,,,,,,,,,,,w,,,,,,,,,w,,,,w,,,w,,,,,,,w,,,w,,,
,,,,,,,,,,,,,,,,,,,,,,,,,,,,,,w,,,,,,,,,w,,,,,,,,,,,,,,w,,,w,,,,,,,,,,,,,,w,,,,,,,,,w,,,,w,,,w,,,,,,,w,,,w,,,
,,,,,,,,,,,,,,,,,,,,,,,,,,,,,,w,,,,,,,,,w,,,,,,,,,,,,,,w,,,w,,,,,,,,,,,,,,w,,,,,,,,,w,w,w,w,w,,,w,,,,,,,w,,,w,,,
,,,,,,,,,,,,,,,,,,,,,,,,,,,,,,w,,,,w,w,,,,w,,,,,,,,,,,,,,w,,,w,,,,,,,,,,,,,,w,,,,w,w,,,,,,,,,,,w,,,,,,,w,,,w,,,
,,,,,,,,,,,,,,,,,,,,,,,,,,,,,,w,,,w,w,w,w,,,w,,,,,,,,,,,,,,w,,,w,,,,,,,,,,,,,,w,,,w,w,w,w,,,,,,,,,,w,,,,,,,w,,,w,,,
,,,,,,,,,,,,,,,,,,,,,,,,,,,,,,w,,,,,w,,,,w,,,,,,,,,,,,,,w,,,w,,,,,,,,,,,,,,w,,,,,w,,,,w,w,w,w,w,w,w,w,,,,,,,w,,,w,,,
,,,,,,,,,,,,,,,,,,,,,,,,,,,,,,w,,,,,,,,,w,,,,,,,,,,,,,,w,,,w,,,,,,,,,,,,,,w,,,,,,,,,w,,,,,,,,,,,,,,w,,,w,,,
,,,,,,,,,,,,,,,,,,,,,,,,,,,,,,w,,,,,,,,,w,,,,,,,,,,,,,,w,,,w,,,,,,,,,,,,,,w,,,,,,,,,w,,,,,,,,,,,,,,w,,,w,,,
,,,,,,,,,,,,,,,,,,,,,,,,,,,,,,w,w,w,w,w,w,w,w,w,w,,,,,,,,,,,,,,w,,,w,,,,,,,,,,,,,,w,w,w,w,,,w,w,w,w,,,,,,,,,,,,,,w,,,w,,,
,,,,,,,,,,,,,,,,,,,,,,,,,,,,,,,,,,,,,,,,,,,,,,,,,,,,,w,,,w,,,,,,,,,,,,,,,,,w,,,w,,,,,,,,,,,,,,,,,w,,,w,,,
,,,,,,,,,,,,,,,,,,,,,,,,,,,,,,,,,,,,,,,,,,,,,,,,,,,,,w,,,w,,,,,,,,,,,,,,,,,w,,,w,,,,,,,,,,,,,,,,,w,,,w,,,
,,,,,,,,,,,,,,,,,,,,,,,,,,,,,,,,,,,,,,,,,,,,,,,,,,,,,w,,,w,,,,,,,,,,,,,,,,,w,,,w,,,,,,,,,,,,,,,,,w,,,w,,,
,,,,,,,,,,,,,,,,,,,,,,,,,,,,,,,,,,,,,,,,,,,,,,,,,,,,,w,,,w,,,,,,,,,,,,,,,,,w,,,w,,,,,,,w,w,w,w,w,w,w,w,w,w,w,,,w,,,
,,,,,,,,,,,,,,,,,,,,,,,,,,,,,,,,,,,,,,,,,,,,,,,,,,,,,w,,,w,,,,,,,,,,,,,,,,,w,,,w,,,,,,,w,,,,,,,,,,,,,w,,,
,,,,,,,,,,,,,,,,,,,,,,,,,,,,,,,,,,,,,,,,,,,,,,,,,,,,,w,,,w,,,,,,,,,,,,,,,,,w,,,w,,,,,,,w,,,,,,,,,,,,,w,,,
,,,,,,,,,,,,,,,,,,,,,,,,,,,,,,,,,,,,,,,,,,,,,,,,,,,,,w,,,w,,,,,,,,,,,,,,,,,w,,,w,,,,,,,w,,,w,w,w,w,w,w,w,w,w,w,w,,,
,,,,,,,,,,,,,,,,,,,,,,,,,,,,,,,,,,,,,,,,,,,,,,,,,,,,,w,,,w,,,,,,,,,,,,,,,,,w,,,w,,,,,,,w,,,w,,,,,,,,,,,,,
,,,,,,,,,,,,,,,,,,,,,,,,,,,,,,,,,,,,,,,,,,,,,,,,,,,,,w,,,w,,,,,,,,,,,,,,,,,w,,w,w,,,,,,,w,,,w,,,,,,,,,,,,,
,,,,,,,,,,,,,,,,,,,,,,,,,,,,,,,,,,,,,,,,,,,,,,,,,,,,,w,,,w,,,,,,,,,,,,,,,,,w,w,w,w,,,,,,,w,,,w,,,,,,,,,,,,,
,,,,,,,,,,,,,,,,,,,,,,,,,,,,,,,,,,,,,,,,,,,,,,,,,,,,,w,,,w,,,,,,,,,,,,,,w,w,w,w,,,w,w,w,w,,,,w,,,w,,,,,,,,,,,,,
,,,,,,,,,,,,,,,,,,,,,,,,,,,,,,,,,,,,,,,,,,,,,,,,,,,,,w,,,w,,,,,,,,,,,,,,w,,,,,,,,,w,,,,w,,,w,,,,,,,,,,,,,
,,,,,,,,,,,,,,,,,,,,,,,,,,,,,,,,,,,,,,,,,,,,,,,,,,,,,w,,,w,,,,,,,,,,,,,,w,,,,,,,,,w,,,,w,,,w,,,,,,,,,,,,,
,,,,,,,,,,,,,,,,,,,,,,,,,,,,,,,,,,,,,,,,,,,,,,,,,,,,,w,,,w,w,w,w,w,w,w,w,w,w,w,w,w,w,w,,,,,,,,,w,w,w,w,w,,,w,,,,,,,,,,,,,
,,,,,,,,,,,,,,,,,,,,,,,,,,,,,,,,,,,,,,,,,,,,,,,,,,,,,w,,,,,,,,,,,,,,,,,,,,,,,,,,,,,,,,,w,,,,,,,,,,,,,
,,,,,,,,,,,,,,,,,,,,,,,,,,,,,,,,,,,,,,,,,,,,,,,,,,,,,w,,,,,,,,,,,,,,,,,,,,,,,,,,,,,,,,,w,,,,,,,,,,,,,
,,,,,,,,,,,,,,,,,,,,,,,,,,,,,,,,,,,,,,,,,,,,,,,,,,,,,w,w,w,w,w,w,w,w,w,w,w,w,w,w,w,w,w,w,,,,,,,,,w,w,w,w,w,w,w,w,,,,,,,,,,,,,
,,,,,,,,,,,,,,,,,,,,,,,,,,,,,,,,,,,,,,,,,,,,,,,,,,,,,,,,,,,,,,,,,,,,,,w,,,,,,,,,w,,,,,,,,,,,,,,,,,,,,
,,,,,,,,,,,,,,,,,,,,,,,,,,,,,,,,,,,,,,,,,,,,,,,,,,,,,,,,,,,,,,,,,,,,,,w,,,,,,,,,w,,,,,,,,,,,,,,,,,,,,
,,,,,,,,,,,,,,,,,,,,,,,,,,,,,,,,,,,,,,,,,,,,,,,,,,,,,,,,,,,,,,,,,,,,,,w,w,w,w,w,w,w,w,w,w,,,,,,,,,,,,,,,,,,,,
