b0,door0,door1,door2,door3,door6,door7,door8,door11,door15,door17
b1,door5,door6
b4,door4,door12
b5,door2
b6,door19
b10,door4
b12,door14
b14,door9,door10
b15,door0,door1,door2,door4,door5,door13,door14
b19,door12
b24,door1,door2,door3,door5,door7,door18
b27,door16
|w,w,w,w,w,w,w,w,w,w,f,f,f,f,f,f,f,f,f,f,w,w,w,w,w,w,w,w,w,w,f,f,f,f,f,f,f,f,f,f,w,w,w,w,w,w,w,w,w,w,f,f,f,f,f,f,f,f,f,f,f,f,f,f,f,f,f,f,f,f,f,f,f,f,f,f,f,f,f,f,w,w,w,w,w,w,w,w,w,w
w,f,f,f,f,f,f,f,f,w,f,f,f,f,f,f,f,f,f,f,w,f:b^b21,f,f,f,f,f,f,f,w,f,f,f,f,f,f,f,f,f,f,w,f,f,f,f,f,f,f,f,w,f,f,f,f,f,f,f,f,f,f,f,f,f,f,f,f,f,f,f,f,f,f,f,f,f,f,f,f,f,f,w,f,f,f,f,f,f,f,f,w
w,f,f,f,f,f,f,f,f,w,f,f,f,f,f,f,f,f,f,f,w,f,f,f,f,f,f,f,f,w,f,f,f,f,f,f,f,f,f,f,w,f,f,f,f,f,f,f,f,w,f,f,f,f,f,f,f,f,f,f,f,f,f,f,f,f,f,f,f,f,f,f,f,f,f,f,f,f,f,f,w,f,f,f,f,f,f,f,f,w
w,f,f,f,f,f,f,f,f,w,w,w,w,w,w,w,w,w,w,w,w,f,f,f,f,f,f,f,f,w,w,w,w,w,w,w,w,w,w,w,w,f:b^b9,f,f,f,f,f,f,f,w,f,f,f,f,f,f,f,f,f,f,f,f,f,f,f,f,f,f,f,f,f,f,f,f,f,f,f,f,f,f,w,f,f,f,f,f,f,f,f,w
w,f,f,f,f,f,f,f,f,f,f:d>w^door15,f,f,f,f,f,f,f,f,f,f,f,f,f,f,f,f,f,f,f,f:d>w^door18,f,f,f,f,f,f,f,f,f,f,f,f,f,f,f,f,f,f,w,f,f,f,f,f,f,f,f,f,f,f,f,f,f,f,f,f,f,f,f,f,f,f,f,f,f,f,f,f,f,w,f,f,f,f,f,f,f,f,w
w,f,f,f,f,f,f,f,f,f,w,w,f,f,f,f,f,f,f,f,f,f,f,f,f,f,f,f,f,f,w,w,f,f,f,f,f,f,f,f,f,f,f,f,f,f,f,f,f,w,f,f,f,f,f,f,f,f,f,f,f,f,f,f,f,f,f,f,f,f,f,f,f,f,f,f,f,f,f,f,w,f,f,f,f,f,f,f,f,w
w,f,f,f,f,f,f,f,f,w,w,w,w,w,w,w,w,w,w,w,w,f,f,f,f,f,f,f,f,w,w,w,w,w,w,w,w,w,w,w,w,f,f,f,f,f,f,f,f,w,f,f,f,f,f,f,f,f,f,f,f,f,f,f,f,f,f,f,f,f,f,f,f,f,f,f,f,f,f,f,w,f,f,f,f,f,f,f,f,w
w,f,f,f,f,f,f,f,f,w,f,f,f,f,f,f,f,f,f,f,w,f,f,f,f,f,f,f,f:b^b20,w,f,f,f,f,f,f,f,f,f,f,w,f,f,f,f,f,f,f,f,w,f,f,f,f,f,f,f,f,f,f,f,f,f,f,f,f,f,f,f,f,f,f,f,f,f,f,f,f,f,f,w,f,f,f,f,f,f,f,f,w
w,f:b^b3,f,f,f,f,f,f,f,w,f,f,f,f,f,f,f,f,f,f,w,f:b^b22,f,f,f,f,f,f,f,w,f,f,f,f,f,f,f,f,f,f,w,f,f,f,f,f,f,f,f,w,f,f,f,f,f,f,f,f,f,f,f,f,f,f,f,f,f,f,f,f,f,f,f,f,f,f,f,f,f,f,w,f:b^b26,f,f,f,f,f,f,f,w
w,w,w,w,w,w,w,w,w,w,f,f,f,f,f,f,f,f,f,f,w,w,w,w,f,f,w,w,w,w,f,f,f,f,f,f,f,f,f,f,w,w,w,w,w,w,w,w,w,w,f,f,f,f,f,f,f,f,f,f,f,f,f,f,f,f,f,f,f,f,f,f,f,f,f,f,f,f,f,f,w,w,w,w,f,f,w,w,w,w
f,f,f,f,f,f,f,f,f,f,f,f,f,f,f,f,f,f,f,f,f,f,f,w,f,f,w,f,f,f,f,f,f,f,f,f,f,f,f,f,f,f,f,f,f,f,f,f,f,f,f,f,f,f,f,f,f,f,f,f,f,f,f,f,f,f,f,f,f,f,f,f,f,f,f,f,f,f,f,f,f,f,f,w,f,f,w,f,f,f
f,f,f,f,f,f,f,f,f,f,f,f,f,f,f,f,f,f,f,f,f,f,f,w,f,f,w,f,f,f,f,f,f,f,f,f,f,f,f,f,f,f,f,f,f,f,f,f,f,f,f,f,f,f,f,f,f,f,f,f,f,f,f,f,f,f,f,f,f,f,f,f,f,f,f,f,f,f,f,f,f,f,f,w,f,f,w,f,f,f
f,f,f,f,f,f,f,f,f,f,f,f,f,f,f,f,f,f,f,f,f,f,f,w,f,f,w,f,f,f,f,f,f,f,f,f,f,f,f,f,f,f,f,f,f,f,f,f,f,f,f,f,f,f,f,f,f,f,f,f,f,f,f,f,f,f,f,f,f,f,f,f,f,f,f,f,f,f,f,f,f,f,f,w,f,f,w,f,f,f
f,f,f,f,f,f,f,f,f,f,f,f,f,f,f,f,f,f,f,f,f,f,f,w,f,f,w,f,f,f,f,f,f,f,f,f,f,f,f,f,f,f,f,f,f,f,f,f,f,f,f,f,f,f,f,f,f,f,f,f,f,f,f,f,f,f,f,f,f,f,f,f,f,f,f,f,f,f,f,f,f,f,f,w,f,f,w,f,f,f
f,f,f,f,f,f,f,f,f,f,f,f,f,f,f,f,f,f,f,f,f,f,f,w,f,f,w,f,f,f,f,f,f,f,f,f,f,f,f,f,f,f,f,f,f,f,f,f,f,f,f,f,f,f,f,f,f,f,f,f,f,f,f,f,f,f,f,f,f,f,f,f,f,f,f,f,f,f,f,f,f,f,f,w,f,f,w,f,f,f
f,f,f,f,f,f,f,f,f,f,f,f,f,f,f,f,f,f,f,f,f,f,f,w,f,f,w,f,f,f,f,f,f,f,f,f,f,f,f,f,f,f,f,f,f,f,f,f,f,f,f,f,f,f,f,f,f,f,f,f,f,f,f,f,f,f,f,f,f,f,f,f,f,f,f,f,f,f,f,f,f,f,f,w,f,f,w,f,f,f
f,f,f,f,f,f,f,f,f,f,f,f,f,f,f,f,f,f,f,f,f,f,f,w,f,f,w,f,f,f,f,f,f,f,f,f,f,f,f,f,f,f,f,f,f,f,f,f,f,f,f,f,f,f,f,f,f,f,f,f,f,f,f,f,f,f,f,f,f,f,f,f,f,f,f,f,f,f,f,f,f,f,f,w,f,f,w,f,f,f
f,f,f,f,f,f,f,f,f,f,f,f,f,f,f,f,f,f,f,f,f,f,f,w,f,f,w,f,f,f,f,f,f,f,f,f,f,f,f,f,f,f,f,f,f,f,f,f,f,f,f,f,f,f,f,f,f,f,f,f,f,f,f,f,f,f,f,f,f,f,f,f,f,f,f,f,f,f,f,f,f,f,f,w,f,f,w,f,f,f
f,f,f,f,f,f,f,f,f,f,f,f,f,f,f,f,f,f,f,f,f,f,f,w,f,w,w,f,f,f,f,f,f,f,f,f,f,f,f,f,f,f,f,f,f,f,f,f,f,f,f,f,f,f,f,f,f,f,f,f,f,f,f,f,f,f,f,f,f,f,f,f,f,f,f,f,f,f,f,f,f,f,f,w,f,w,w,f,f,f
f,f,f,f,f,f,f,f,f,f,f,f,f,f,f,f,f,f,f,f,f,f,f,w,f:d>n^door14,w,w,f,f,f,f,f,f,f,f,f,f,f,f,f,f,f,f,f,f,f,f,f,f,f,f,f,f,f,f,f,f,f,f,f,f,f,f,f,f,f,f,f,f,f,f,f,f,f,f,f,f,f,f,f,f,f,f,w,f:d>n^door19,w,w,f,f,f
f,f,f,f,f,f,f,f,f,f,f,f,f,f,f,f,f,f,f,f,w,w,w,w,f,f,w,w,w,w,f,f,f,f,f,f,f,f,f,f,w,w,w,w,w,w,w,w,w,w,f,f,f,f,f,f,f,f,f,f,w,w,w,w,w,w,w,w,w,w,f,f,f,f,f,f,f,f,f,f,w,w,w,w,f,f,w,w,w,w
f,f,f,f,f,f,f,f,f,f,f,f,f,f,f,f,f,f,f,f,w,f,f,f,f,f,f,f,f:b^b12,w,f,f,f,f,f,f,f,f,f,f,w,f,f,f,f,f,f,f,f,w,f,f,f,f,f,f,f,f,f,f,w,f,f,f,f,f,f,f,f,w,f,f,f,f,f,f,f,f,f,f,w,f,f,f,f,f,f,f,f,w
f,f,f,f,f,f,f,f,f,f,f,f,f,f,f,f,f,f,f,f,w,f,f,f,f,f,f,f,f,w,f,f,f,f,f,f,f,f,f,f,w,f,f,f,f,f,f,f,f,w,f,f,f,f,f,f,f,f,f,f,w,f,f,f,f,f,f,f,f,w,f,f,f,f,f,f,f,f,f,f,w,f,f,f,f,f,f,f,f,w
f,f,f,f,f,f,f,f,f,f,f,f,f,f,f,f,f,f,f,f,w,f,f,f,f,f,f,f,f,w,f,f,f,f,f,f,f,f,f,f,w,f:b^b29,f,f,f,f,f,f,f:b^b28,w,w,w,w,w,w,w,w,w,w,w,w,f:b^b19,f,f,f,f,f,f,f,w,w,w,w,w,w,w,w,w,w,w,w,f,f,f,f,f,f,f,f,w
f,f,f,f,f,f,f,f,f,f,f,f,f,f,f,f,f,f,f,f,w,f,f,f,f,f,f,f,f,w,f,f,f,f,f,f,f,f,f,f,w,f,f,f,f,f,f,f,f,f,f:d>w^door8,f,f,f,f,f,f,f,f,f,f,f,f,f,f,f,f,f,f,f,f:d>w^door12,f,f,f,f,f,f,f,f,f,f,f,f,f,f,f,f,f,f,w
f,f,f,f,f,f,f,f,f,f,f,f,f,f,f,f,f,f,f,f,w,f,f,f,f,f,f,f,f,w,f,f,f,f,f,f,f,f,f,f,w,f,f,f,f,f,f,f,f,f,w,w,f,f,f,f,f,f,f,f,f,f,f,f,f,f,f,f,f,f,w,w,f,f,f,f,f,f,f,f,f,f,f,f,f,f,f,f,f,w
f,f,f,f,f,f,f,f,f,f,f,f,f,f,f,f,f,f,f,f,w,f,f,f,f,f,f,f,f,w,f,f,f,f,f,f,f,f,f,f,w,f,f,f,f,f,f,f,f,w,w,w,w,w,w,w,w,w,w,w,w,f,f,f,f,f,f,f,f,w,w,w,w,w,w,w,w,w,w,w,w,f,f,f,f,f,f,f,f,w
f,f,f,f,f,f,f,f,f,f,f,f,f,f,f,f,f,f,f,f,w,f,f,f,f,f,f,f,f,w,f,f,f,f,f,f,f,f,f,f,w,f,f,f,f,f,f,f,f,w,f,f,f,f,f,f,f,f,f,f,w,f,f,f,f,f,f,f,f,w,f,f,f,f,f,f,f,f,f,f,w,f,f,f,f,f,f,f,f:b^b6,w
f,f,f,f,f,f,f,f,f,f,f,f,f,f,f,f,f,f,f,f,w,f,f,f,f,f,f,f,f,w,f,f,f,f,f,f,f,f,f,f,w,f,f,f,f,f,f,f,f,w,f,f,f,f,f,f,f,f,f,f,w,f,f,f,f,f,f,f,f,w,f,f,f,f,f,f,f,f,f,f,w,f,f,f,f,f,f,f,f,w
f,f,f,f,f,f,f,f,f,f,f,f,f,f,f,f,f,f,f,f,w,w,w,w,f,f,w,w,w,w,f,f,f,f,f,f,f,f,f,f,w,w,w,w,w,w,w,w,w,w,f,f,f,f,f,f,f,f,f,f,w,w,w,w,f,f,w,w,w,w,f,f,f,f,f,f,f,f,f,f,w,w,w,w,w,w,w,w,w,w
f,f,f,f,f,f,f,f,f,f,f,f,f,f,f,f,f,f,f,f,f,f,f,w,f,f,w,f,f,f,f,f,f,f,f,f,f,f,f,f,f,f,f,f,f,f,f,f,f,f,f,f,f,f,f,f,f,f,f,f,f,f,f,w,f,f,w,f,f,f,f,f,f,f,f,f,f,f,f,f,f,f,f,f,f,f,f,f,f,f
f,f,f,f,f,f,f,f,f,f,f,f,f,f,f,f,f,f,f,f,f,f,f,w,f,f,w,f,f,f,f,f,f,f,f,f,f,f,f,f,f,f,f,f,f,f,f,f,f,f,f,f,f,f,f,f,f,f,f,f,f,f,f,w,f,f,w,f,f,f,f,f,f,f,f,f,f,f,f,f,f,f,f,f,f,f,f,f,f,f
f,f,f,f,f,f,f,f,f,f,f,f,f,f,f,f,f,f,f,f,f,f,f,w,f,f,w,f,f,f,f,f,f,f,f,f,f,f,f,f,f,f,f,f,f,f,f,f,f,f,f,f,f,f,f,f,f,f,f,f,f,f,f,w,f,f,w,f,f,f,f,f,f,f,f,f,f,f,f,f,f,f,f,f,f,f,f,f,f,f
f,f,f,f,f,f,f,f,f,f,f,f,f,f,f,f,f,f,f,f,f,f,f,w,f,f,w,f,f,f,f,f,f,f,f,f,f,f,f,f,f,f,f,f,f,f,f,f,f,f,f,f,f,f,f,f,f,f,f,f,f,f,f,w,f,f,w,f,f,f,f,f,f,f,f,f,f,f,f,f,f,f,f,f,f,f,f,f,f,f
f,f,f,f,f,f,f,f,f,f,f,f,f,f,f,f,f,f,f,f,f,f,f,w,f,f,w,f,f,f,f,f,f,f,f,f,f,f,f,f,f,f,f,f,f,f,f,f,f,f,f,f,f,f,f,f,f,f,f,f,f,f,f,w,f,f,w,f,f,f,f,f,f,f,f,f,f,f,f,f,f,f,f,f,f,f,f,f,f,f
f,f,f,f,f,f,f,f,f,f,f,f,f,f,f,f,f,f,f,f,f,f,f,w,f,f,w,f,f,f,f,f,f,f,f,f,f,f,f,f,f,f,f,f,f,f,f,f,f,f,f,f,f,f,f,f,f,f,f,f,f,f,f,w,f,f,w,f,f,f,f,f,f,f,f,f,f,f,f,f,f,f,f,f,f,f,f,f,f,f
f,f,f,f,f,f,f,f,f,f,f,f,f,f,f,f,f,f,f,f,f,f,f,w,f,f,w,f,f,f,f,f,f,f,f,f,f,f,f,f,f,f,f,f,f,f,f,f,f,f,f,f,f,f,f,f,f,f,f,f,f,f,f,w,f,f,w,f,f,f,f,f,f,f,f,f,f,f,f,f,f,f,f,f,f,f,f,f,f,f
f,f,f,f,f,f,f,f,f,f,f,f,f,f,f,f,f,f,f,f,f,f,f,w,f,f,w,f,f,f,f,f,f,f,f,f,f,f,f,f,f,f,f,f,f,f,f,f,f,f,f,f,f,f,f,f,f,f,f,f,f,f,f,w,f,f,w,f,f,f,f,f,f,f,f,f,f,f,f,f,f,f,f,f,f,f,f,f,f,f
f,f,f,f,f,f,f,f,f,f,f,f,f,f,f,f,f,f,f,f,f,f,f,w,f,w,w,f,f,f,f,f,f,f,f,f,f,f,f,f,f,f,f,f,f,f,f,f,f,f,f,f,f,f,f,f,f,f,f,f,f,f,f,w,f,w,w,f,f,f,f,f,f,f,f,f,f,f,f,f,f,f,f,f,f,f,f,f,f,f
f,f,f,f,f,f,f,f,f,f,f,f,f,f,f,f,f,f,f,f,f,f,f,w,f:d>n^door6,w,w,f,f,f,f,f,f,f,f,f,f,f,f,f,f,f,f,f,f,f,f,f,f,f,f,f,f,f,f,f,f,f,f,f,f,f,f,w,f:d>n^door4,w,w,f,f,f,f,f,f,f,f,f,f,f,f,f,f,f,f,f,f,f,f,f,f,f
w,w,w,w,w,w,w,w,w,w,f,f,f,f,f,f,f,f,f,f,w,w,w,w,f,f,w,w,w,w,f,f,f,f,f,f,f,f,f,f,w,w,w,w,w,w,w,w,w,w,f,f,f,f,f,f,f,f,f,f,w,w,w,w,f,f,w,w,w,w,f,f,f,f,f,f,f,f,f,f,f,f,f,f,f,f,f,f,f,f
w,f:b^b27,f,f,f,f,f,f,f,w,f,f,f,f,f,f,f,f,f,f,w,f,f,f,f,f,f,f,f,w,f,f,f,f,f,f,f,f,f,f,w,f,f,f,f,f,f,f,f:b^b4,w,f,f,f,f,f,f,f,f,f,f,w,f,f,f,f,f,f,f,f,w,f,f,f,f,f,f,f,f,f,f,f,f,f,f,f,f,f,f,f,f
w,f,f,f,f,f,f,f,f,w,f,f,f,f,f,f,f,f,f,f,w,f:b^b23,f,f,f,f,f,f,f,w,f,f,f,f,f,f,f,f,f,f,w,f,f,f,f,f,f,f,f,w,f,f,f,f,f,f,f,f,f,f,w,f,f,f,f,f,f,f,f:b^b10,w,f,f,f,f,f,f,f,f,f,f,f,f,f,f,f,f,f,f,f,f
w,f,f,f,f,f,f,f,f,w,w,w,w,w,w,w,w,w,w,w,w,f,f,f,f,f,f,f,f,w,f,f,f,f,f,f,f,f,f,f,w,f,f,f,f,f,f,f,f,w,w,w,w,w,w,w,w,w,w,w,w,f,f,f,f,f,f,f,f,w,f,f,f,f,f,f,f,f,f,f,f,f,f,f,f,f,f,f,f,f
w,f,f,f,f,f,f,f,f,f,f:d>w^door13,f,f,f,f,f,f,f,f,f,f,f,f,f,f,f,f,f,f,w,f,f,f,f,f,f,f,f,f,f,w,f,f,f,w,w,f,f,f,f,f:d>w^door2,f,f,f,f,f,f,f,f,f,f,f,f,f,f,f,f,f,f,w,f,f,f,f,f,f,f,f,f,f,f,f,f,f,f,f,f,f,f,f
w,f,f,f,f,f,f,f,f,f,w,w,f,f,f,f,f,f,f,f,f,f,f,f,f,f,f,f,f,w,f,f,f,f,f,f,f,f,f,f,w,f,f,w,w,w,w,f,f,f,w,w,f,f,f,f,f,f,f,f,f,f,f,f,f,f,f,f,f,w,f,f,f,f,f,f,f,f,f,f,f,f,f,f,f,f,f,f,f,f
w,f,f,f,f,f,f,f,f,w,w,w,w,w,w,w,w,w,w,w,w,f,f,f,f,f,f,f,f,w,f,f,f,f,f,f,f,f,f,f,w,f,f,f,f,w,f,f,f,w,w,w,w,w,w,w,w,w,w,w,w,f,f,f,f,f,f,f,f,w,f,f,f,f,f,f,f,f,f,f,f,f,f,f,f,f,f,f,f,f
w,f,f,f,f,f,f,f,f,w,f,f,f,f,f,f,f,f,f,f,w,f,f,f,f,f,f,f,f,w,f,f,f,f,f,f,f,f,f,f,w,f,f,f,f,f,f,f,f:b^b5,w,f,f,f,f,f,f,f,f,f,f,w,f,f,f,f,f,f,f,f,w,f,f,f,f,f,f,f,f,f,f,f,f,f,f,f,f,f,f,f,f
w,f,f,f,f,f,f,f,f,w,f,f,f,f,f,f,f,f,f,f,w,f,f,f,f,f,f,f,f,w,f,f,f,f,f,f,f,f,f,f,w,f,f,f,f,f,f,f,f,w,f,f,f,f,f,f,f,f,f,f,w,f:b^b11,f,f,f,f,f,f,f,w,f,f,f,f,f,f,f,f,f,f,f,f,f,f,f,f,f,f,f,f
w,w,w,w,f,f,w,w,w,w,f,f,f,f,f,f,f,f,f,f,w,w,w,w,f,f,w,w,w,w,f,f,f,f,f,f,f,f,f,f,w,w,w,w,f,f,w,w,w,w,f,f,f,f,f,f,f,f,f,f,w,w,w,w,f,f,w,w,w,w,f,f,f,f,f,f,f,f,f,f,f,f,f,f,f,f,f,f,f,f
f,f,f,w,f,f,w,f,f,f,f,f,f,f,f,f,f,f,f,f,f,f,f,w,f,f,w,f,f,f,f,f,f,f,f,f,f,f,f,f,f,f,f,w,f,f,w,f,f,f,f,f,f,f,f,f,f,f,f,f,f,f,f,w,f,f,w,f,f,f,f,f,f,f,f,f,f,f,f,f,f,f,f,f,f,f,f,f,f,f
f,f,f,w,f,f,w,f,f,f,f,f,f,f,f,f,f,f,f,f,f,f,f,w,f,f,w,f,f,f,f,f,f,f,f,f,f,f,f,f,f,f,f,w,f,f,w,f,f,f,f,f,f,f,f,f,f,f,f,f,f,f,f,w,f,f,w,f,f,f,f,f,f,f,f,f,f,f,f,f,f,f,f,f,f,f,f,f,f,f
f,f,f,w,f,f,w,f,f,f,f,f,f,f,f,f,f,f,f,f,f,f,f,w,f,f,w,f,f,f,f,f,f,f,f,f,f,f,f,f,f,f,f,w,f,f,w,f,f,f,f,f,f,f,f,f,f,f,f,f,f,f,f,w,f,f,w,f,f,f,f,f,f,f,f,f,f,f,f,f,f,f,f,f,f,f,f,f,f,f
f,f,f,w,f,f,w,f,f,f,f,f,f,f,f,f,f,f,f,f,f,f,f,w,f,f,w,f,f,f,f,f,f,f,f,f,f,f,f,f,f,f,f,w,f,f,w,f,f,f,f,f,f,f,f,f,f,f,f,f,f,f,f,w,f,f,w,f,f,f,f,f,f,f,f,f,f,f,f,f,f,f,f,f,f,f,f,f,f,f
f,f,f,w,f,f,w,f,f,f,f,f,f,f,f,f,f,f,f,f,f,f,f,w,f,f,w,f,f,f,f,f,f,f,f,f,f,f,f,f,f,f,f,w,f,f,w,f,f,f,f,f,f,f,f,f,f,f,f,f,f,f,f,w,f,f,w,f,f,f,f,f,f,f,f,f,f,f,f,f,f,f,f,f,f,f,f,f,f,f
f,f,f,w,f,f,w,f,f,f,f,f,f,f,f,f,f,f,f,f,f,f,f,w,f,f,w,f,f,f,f,f,f,f,f,f,f,f,f,f,f,f,f,w,f,f,w,f,f,f,f,f,f,f,f,f,f,f,f,f,f,f,f,w,f,f,w,f,f,f,f,f,f,f,f,f,f,f,f,f,f,f,f,f,f,f,f,f,f,f
f,f,f,w,f,f,w,f,f,f,f,f,f,f,f,f,f,f,f,f,f,f,f,w,f,f,w,f,f,f,f,f,f,f,f,f,f,f,f,f,f,f,f,w,f,f,w,f,f,f,f,f,f,f,f,f,f,f,f,f,f,f,f,w,f,f,w,f,f,f,f,f,f,f,f,f,f,f,f,f,f,f,f,f,f,f,f,f,f,f
f,f,f,w,f,f,w,f,f,f,f,f,f,f,f,f,f,f,f,f,f,f,f,w,f,f,w,f,f,f,f,f,f,f,f,f,f,f,f,f,f,f,f,w,f,f,w,f,f,f,f,f,f,f,f,f,f,f,f,f,f,f,f,w,f,f,w,f,f,f,f,f,f,f,f,f,f,f,f,f,f,f,f,f,f,f,f,f,f,f
f,f,f,w,f,w,w,f,f,f,f,f,f,f,f,f,f,f,f,f,f,f,f,w,f,w,w,f,f,f,f,f,f,f,f,f,f,f,f,f,f,f,f,w,f,w,w,f,f,f,f,f,f,f,f,f,f,f,f,f,f,f,f,w,f,w,w,f,f,f,f,f,f,f,f,f,f,f,f,f,f,f,f,f,f,f,f,f,f,f
f,f,f,w,f:d>n^door16,w,w,f,f,f,f,f,f,f,f,f,f,f,f,f,f,f,f,w,f:d>n^door5,w,w,f,f,f,f,f,f,f,f,f,f,f,f,f,f,f,f,w,f:d>n^door1,w,w,f,f,f,f,f,f,f,f,f,f,f,f,f,f,f,f,w,f:d>n^door11,w,w,f,f,f,f,f,f,f,f,f,f,f,f,f,f,f,f,f,f,f,f,f,f,f
w,w,w,w,f,f,w,w,w,w,f,f,f,f,f,f,f,f,f,f,w,w,w,w,f,f,w,w,w,w,f,f,f,f,f,f,f,f,f,f,w,w,w,w,f,f,w,w,w,w,f,f,f,f,f,f,f,f,f,f,w,w,w,w,f,f,w,w,w,w,f,f,f,f,f,f,f,f,f,f,f,f,f,f,f,f,f,f,f,f
w,f,f,f,f,f,f,f,f,w,f,f,f,f,f,f,f,f,f,f,w,f,f,f,f,f,f,f,f,w,f,f,f,f,f,f,f,f,f,f,w,f,f,f,f,f,f,f,f,w,f,f,f,f,f,f,f,f,f,f,w,f,f,f,f,f,f,f,f,w,f,f,f,f,f,f,f,f,f,f,f,f,f,f,f,f,f,f,f,f
w,f,f,f,f,f,f,f,f,w,f,f,f,f,f,f,f,f,f,f,w,f,f,f,f,f,f,f,f,w,f,f,f,f,f,f,f,f,f,f,w,f:b^b15,f,f,f,f,f,f,f,w,f,f,f,f,f,f,f,f,f,f,w,f,f,f,f,f,f,f,f,w,f,f,f,f,f,f,f,f,f,f,f,f,f,f,f,f,f,f,f,f
w,f,f,f,f,f,f,f,f,w,f,f,f,f,f,f,f,f,f,f,w,f:b^b1,f,f,f,f,f,f,f,w,w,w,w,w,w,w,w,w,w,w,w,f,f,f,f,f,f,f,f,w,f,f,f,f,f,f,f,f,f,f,w,f,f,f,f,f,f,f,f:b^b13,w,f,f,f,f,f,f,f,f,f,f,f,f,f,f,f,f,f,f,f,f
w,f,f,f,f,f,f,f,f,w,f,f,f,f,f,f,f,f,f,f,w,f,f,f,f,f,f,f,f,f,f:d>w^door0,f,f,f,f,f,f,f,f,f,f,f,f,f,f,f,f,f,f,w,f,f,f,f,f,f,f,f,f,f,w,f,f,f,f,f,f,f,f,w,f,f,f,f,f,f,f,f,f,f,f,f,f,f,f,f,f,f,f,f
w,f,f,f,f,f,f,f,f,w,f,f,f,f,f,f,f,f,f,f,w,f,f,f,f,f,f,f,f,f,w,w,f,f,f,f,f,f,f,f,f,f,f,f,f,f,f,f,f,w,f,f,f,f,f,f,f,f,f,f,w,f,f,f,f,f,f,f,f,w,f,f,f,f,f,f,f,f,f,f,f,f,f,f,f,f,f,f,f,f
w,f,f,f,f,f,f,f,f,w,f,f,f,f,f,f,f,f,f,f,w,f,f,f,f,f,f,f,f,w,w,w,w,w,w,w,w,w,w,w,w,f,f,f,f,f,f,f,f,w,f,f,f,f,f,f,f,f,f,f,w,f,f,f,f,f,f,f,f,w,f,f,f,f,f,f,f,f,f,f,f,f,f,f,f,f,f,f,f,f
w,f,f,f,f,f,f,f,f,w,f,f,f,f,f,f,f,f,f,f,w,f,f,f,f,f,f,f,f,w,f,f,f,f,f,f,f,f,f,f,w,f,f,f,f,f,f,f,f,w,f,f,f,f,f,f,f,f,f,f,w,f,f,f,f,f,f,f,f,w,f,f,f,f,f,f,f,f,f,f,f,f,f,f,f,f,f,f,f,f
w,f:b^b16,f,f,f,f,f,f,f,w,f,f,f,f,f,f,f,f,f,f,w,f,f,f,f,f,f,f,f,w,f,f,f,f,f,f,f,f,f,f,w,f,f,f,f,f,f,f,f,w,f,f,f,f,f,f,f,f,f,f,w,f,f,f,f,f,f,f,f,w,f,f,f,f,f,f,f,f,f,f,f,f,f,f,f,f,f,f,f,f
w,w,w,w,w,w,w,w,w,w,f,f,f,f,f,f,f,f,f,f,w,w,w,w,w,w,w,w,w,w,f,f,f,f,f,f,f,f,f,f,w,w,w,w,f,f,w,w,w,w,f,f,f,f,f,f,f,f,f,f,w,w,w,w,w,w,w,w,w,w,f,f,f,f,f,f,f,f,f,f,f,f,f,f,f,f,f,f,f,f
f,f,f,f,f,f,f,f,f,f,f,f,f,f,f,f,f,f,f,f,f,f,f,f,f,f,f,f,f,f,f,f,f,f,f,f,f,f,f,f,f,f,f,w,f,f,w,f,f,f,f,f,f,f,f,f,f,f,f,f,f,f,f,f,f,f,f,f,f,f,f,f,f,f,f,f,f,f,f,f,f,f,f,f,f,f,f,f,f,f
f,f,f,f,f,f,f,f,f,f,f,f,f,f,f,f,f,f,f,f,f,f,f,f,f,f,f,f,f,f,f,f,f,f,f,f,f,f,f,f,f,f,f,w,f,f,w,f,f,f,f,f,f,f,f,f,f,f,f,f,f,f,f,f,f,f,f,f,f,f,f,f,f,f,f,f,f,f,f,f,f,f,f,f,f,f,f,f,f,f
f,f,f,f,f,f,f,f,f,f,f,f,f,f,f,f,f,f,f,f,f,f,f,f,f,f,f,f,f,f,f,f,f,f,f,f,f,f,f,f,f,f,f,w,f,f,w,f,f,f,f,f,f,f,f,f,f,f,f,f,f,f,f,f,f,f,f,f,f,f,f,f,f,f,f,f,f,f,f,f,f,f,f,f,f,f,f,f,f,f
f,f,f,f,f,f,f,f,f,f,f,f,f,f,f,f,f,f,f,f,f,f,f,f,f,f,f,f,f,f,f,f,f,f,f,f,f,f,f,f,f,f,f,w,f,f,w,f,f,f,f,f,f,f,f,f,f,f,f,f,f,f,f,f,f,f,f,f,f,f,f,f,f,f,f,f,f,f,f,f,f,f,f,f,f,f,f,f,f,f
f,f,f,f,f,f,f,f,f,f,f,f,f,f,f,f,f,f,f,f,f,f,f,f,f,f,f,f,f,f,f,f,f,f,f,f,f,f,f,f,f,f,f,w,f,f,w,f,f,f,f,f,f,f,f,f,f,f,f,f,f,f,f,f,f,f,f,f,f,f,f,f,f,f,f,f,f,f,f,f,f,f,f,f,f,f,f,f,f,f
f,f,f,f,f,f,f,f,f,f,f,f,f,f,f,f,f,f,f,f,f,f,f,f,f,f,f,f,f,f,f,f,f,f,f,f,f,f,f,f,f,f,f,w,f,f,w,f,f,f,f,f,f,f,f,f,f,f,f,f,f,f,f,f,f,f,f,f,f,f,f,f,f,f,f,f,f,f,f,f,f,f,f,f,f,f,f,f,f,f
f,f,f,f,f,f,f,f,f,f,f,f,f,f,f,f,f,f,f,f,f,f,f,f,f,f,f,f,f,f,f,f,f,f,f,f,f,f,f,f,f,f,f,w,f,f,w,f,f,f,f,f,f,f,f,f,f,f,f,f,f,f,f,f,f,f,f,f,f,f,f,f,f,f,f,f,f,f,f,f,f,f,f,f,f,f,f,f,f,f
f,f,f,f,f,f,f,f,f,f,f,f,f,f,f,f,f,f,f,f,f,f,f,f,f,f,f,f,f,f,f,f,f,f,f,f,f,f,f,f,f,f,f,w,f,f,w,f,f,f,f,f,f,f,f,f,f,f,f,f,f,f,f,f,f,f,f,f,f,f,f,f,f,f,f,f,f,f,f,f,f,f,f,f,f,f,f,f,f,f
f,f,f,f,f,f,f,f,f,f,f,f,f,f,f,f,f,f,f,f,f,f,f,f,f,f,f,f,f,f,f,f,f,f,f,f,f,f,f,f,f,f,f,w,f,w,w,f,f,f,f,f,f,f,f,f,f,f,f,f,f,f,f,f,f,f,f,f,f,f,f,f,f,f,f,f,f,f,f,f,f,f,f,f,f,f,f,f,f,f
f,f,f,f,f,f,f,f,f,f,f,f,f,f,f,f,f,f,f,f,f,f,f,f,f,f,f,f,f,f,f,f,f,f,f,f,f,f,f,f,f,f,f,w,f:d>n^door3,w,w,f,f,f,f,f,f,f,f,f,f,f,f,f,f,f,f,f,f,f,f,f,f,f,f,f,f,f,f,f,f,f,f,f,f,f,f,f,f,f,f,f,f,f
w,w,w,w,w,w,w,w,w,w,f,f,f,f,f,f,f,f,f,f,w,w,w,w,w,w,w,w,w,w,f,f,f,f,f,f,f,f,f,f,w,w,w,w,f,f,w,w,w,w,f,f,f,f,f,f,f,f,f,f,w,w,w,w,w,w,w,w,w,w,f,f,f,f,f,f,f,f,f,f,f,f,f,f,f,f,f,f,f,f
w,f,f,f,f,f,f,f,f,w,f,f,f,f,f,f,f,f,f,f,w,f,f,f,f,f,f,f,f,w,f,f,f,f,f,f,f,f,f,f,w,f,f,f,f,f,f,f,f,w,f,f,f,f,f,f,f,f,f,f,w,f,f,f,f,f,f,f,f:b^b0,w,f,f,f,f,f,f,f,f,f,f,f,f,f,f,f,f,f,f,f,f
w,f,f,f,f,f,f,f,f,w,f,f,f,f,f,f,f,f,f,f,w,f:b^b14,f,f,f,f,f,f,f,w,f,f,f,f,f,f,f,f,f,f,w,f,f,f,f,f,f,f,f,w,f,f,f,f,f,f,f,f,f,f,w,f,f:a^Agent1,f,f,f,f,f,f,w,f,f,f,f,f,f,f,f,f,f,f,f,f,f,f,f,f,f,f,f
w,f,f,f,f,f,f,f,f,w,w,w,w,w,w,w,w,w,w,w,w,f,f,f,f,f,f,f,f,w,w,w,w,w,w,w,w,w,w,w,w,f,f,f,f,f,f,f,f,w,w,w,w,w,w,w,w,w,w,w,w,f,f,f,f,f,f,f,f,w,f,f,f,f,f,f,f,f,f,f,f,f,f,f,f,f,f,f,f,f
w,f,f,f,f,f,f,f,f,f,f:d>w^door9,f,f,f,f,f,f,f,f,f,f,f,f,f,f,f,f,f,f,f,f:d>w^door7,f,f,f,f,f,f,f,f,f,f,f,f,f,f,f,f,f,f,f,f:d>w^door17,f,f,f,f,f,f,f,f,f,f,f,f,f,f,f,f,f,f,w,f,f,f,f,f,f,f,f,f,f,f,f,f,f,f,f,f,f,f,f
w,f,f,f,f,f,f,f,f,f,w,w,f,f,f,f,f,f,f,f,f,f,f,f,f,f,f,f,f,f,w,w,f,f,f,f,f,f,f,f,f,f,f,f,f,f,f,f,f,f,w,w,f,f,f,f,f,f,f,f,f,f,f,f,f,f,f,f,f,w,f,f,f,f,f,f,f,f,f,f,f,f,f,f,f,f,f,f,f,f
w,f,f,f,f,f,f,f,f,w,w,w,w,w,w,w,w,w,w,w,w,f,f,f,f,f,f,f,f,w,w,w,w,w,w,w,w,w,w,w,w,f,f,f,f,f,f,f,f,w,w,w,w,w,w,w,w,w,w,w,w,f,f,f,f,f,f,f,f,w,f,f,f,f,f,f,f,f,f,f,f,f,f,f,f,f,f,f,f,f
w,f,f,f,f,f,f,f,f:b^b2,w,f,f,f,f,f,f,f,f,f,f,w,f,f,f,f,f,f,f,f,w,f,f,f,f,f,f,f,f,f,f,w,f,f,f,f,f,f,f,f:b^b24,w,f,f,f,f,f,f,f,f,f,f,w,f,f,f,f,f,f,f,f,w,f,f,f,f,f,f,f,f,f,f,f,f,f,f,f,f,f,f,f,f
w,f,f,f,f,f,f,f,f,w,f,f,f,f,f,f,f,f,f,f,w,f,f,f,f,f,f,f,f,w,f,f,f,f,f,f,f,f,f,f,w,f,f,f,f,f,f,f,f,w,f,f,f,f,f,f,f,f,f,f,w,f,f,f,f,f,f,f,f,w,f,f,f,f,f,f,f,f,f,f,f,f,f,f,f,f,f,f,f,f
w,w,w,w,w,w,w,w,w,w,f,f,f,f,f,f,f,f,f,f,w,w,w,w,f,f,w,w,w,w,f,f,f,f,f,f,f,f,f,f,w,w,w,w,w,w,w,w,w,w,f,f,f,f,f,f,f,f,f,f,w,w,w,w,w,w,w,w,w,w,f,f,f,f,f,f,f,f,f,f,f,f,f,f,f,f,f,f,f,f
f,f,f,f,f,f,f,f,f,f,f,f,f,f,f,f,f,f,f,f,f,f,f,w,f,f,w,f,f,f,f,f,f,f,f,f,f,f,f,f,f,f,f,f,f,f,f,f,f,f,f,f,f,f,f,f,f,f,f,f,f,f,f,f,f,f,f,f,f,f,f,f,f,f,f,f,f,f,f,f,f,f,f,f,f,f,f,f,f,f
f,f,f,f,f,f,f,f,f,f,f,f,f,f,f,f,f,f,f,f,f,f,f,w,f,f,w,f,f,f,f,f,f,f,f,f,f,f,f,f,f,f,f,f,f,f,f,f,f,f,f,f,f,f,f,f,f,f,f,f,f,f,f,f,f,f,f,f,f,f,f,f,f,f,f,f,f,f,f,f,f,f,f,f,f,f,f,f,f,f
f,f,f,f,f,f,f,f,f,f,f,f,f,f,f,f,f,f,f,f,f,f,f,w,f,f,w,f,f,f,f,f,f,f,f,f,f,f,f,f,f,f,f,f,f,f,f,f,f,f,f,f,f,f,f,f,f,f,f,f,f,f,f,f,f,f,f,f,f,f,f,f,f,f,f,f,f,f,f,f,f,f,f,f,f,f,f,f,f,f
f,f,f,f,f,f,f,f,f,f,f,f,f,f,f,f,f,f,f,f,f,f,f,w,f,f,w,f,f,f,f,f,f,f,f,f,f,f,f,f,f,f,f,f,f,f,f,f,f,f,f,f,f,f,f,f,f,f,f,f,f,f,f,f,f,f,f,f,f,f,f,f,f,f,f,f,f,f,f,f,f,f,f,f,f,f,f,f,f,f
f,f,f,f,f,f,f,f,f,f,f,f,f,f,f,f,f,f,f,f,f,f,f,w,f,f,w,f,f,f,f,f,f,f,f,f,f,f,f,f,f,f,f,f,f,f,f,f,f,f,f,f,f,f,f,f,f,f,f,f,f,f,f,f,f,f,f,f,f,f,f,f,f,f,f,f,f,f,f,f,f,f,f,f,f,f,f,f,f,f
f,f,f,f,f,f,f,f,f,f,f,f,f,f,f,f,f,f,f,f,f,f,f,w,f,f,w,f,f,f,f,f,f,f,f,f,f,f,f,f,f,f,f,f,f,f,f,f,f,f,f,f,f,f,f,f,f,f,f,f,f,f,f,f,f,f,f,f,f,f,f,f,f,f,f,f,f,f,f,f,f,f,f,f,f,f,f,f,f,f
f,f,f,f,f,f,f,f,f,f,f,f,f,f,f,f,f,f,f,f,f,f,f,w,f,f,w,f,f,f,f,f,f,f,f,f,f,f,f,f,f,f,f,f,f,f,f,f,f,f,f,f,f,f,f,f,f,f,f,f,f,f,f,f,f,f,f,f,f,f,f,f,f,f,f,f,f,f,f,f,f,f,f,f,f,f,f,f,f,f
f,f,f,f,f,f,f,f,f,f,f,f,f,f,f,f,f,f,f,f,f,f,f,w,f,f,w,f,f,f,f,f,f,f,f,f,f,f,f,f,f,f,f,f,f,f,f,f,f,f,f,f,f,f,f,f,f,f,f,f,f,f,f,f,f,f,f,f,f,f,f,f,f,f,f,f,f,f,f,f,f,f,f,f,f,f,f,f,f,f
f,f,f,f,f,f,f,f,f,f,f,f,f,f,f,f,f,f,f,f,f,f,f,w,f,w,w,f,f,f,f,f,f,f,f,f,f,f,f,f,f,f,f,f,f,f,f,f,f,f,f,f,f,f,f,f,f,f,f,f,f,f,f,f,f,f,f,f,f,f,f,f,f,f,f,f,f,f,f,f,f,f,f,f,f,f,f,f,f,f
f,f,f,f,f,f,f,f,f,f,f,f,f,f,f,f,f,f,f,f,f,f,f,w,f:d>n^door10,w,w,f,f,f,f,f,f,f,f,f,f,f,f,f,f,f,f,f,f,f,f,f,f,f,f,f,f,f,f,f,f,f,f,f,f,f,f,f,f,f,f,f,f,f,f,f,f,f,f,f,f,f,f,f,f,f,f,f,f,f,f,f,f,f
f,f,f,f,f,f,f,f,f,f,f,f,f,f,f,f,f,f,f,f,w,w,w,w,f,f,w,w,w,w,f,f,f,f,f,f,f,f,f,f,f,f,f,f,f,f,f,f,f,f,f,f,f,f,f,f,f,f,f,f,f,f,f,f,f,f,f,f,f,f,f,f,f,f,f,f,f,f,f,f,f,f,f,f,f,f,f,f,f,f
f,f,f,f,f,f,f,f,f,f,f,f,f,f,f,f,f,f,f,f,w,f,f,f,f,f,f,f,f,w,f,f,f,f,f,f,f,f,f,f,f,f,f,f,f,f,f,f,f,f,f,f,f,f,f,f,f,f,f,f,f,f,f,f,f,f,f,f,f,f,f,f,f,f,f,f,f,f,f,f,f,f,f,f,f,f,f,f,f,f
f,f,f,f,f,f,f,f,f,f,f,f,f,f,f,f,f,f,f,f,w,f,f,f,f,f,f,f,f:b^b7,w,f,f,f,f,f,f,f,f,f,f,f,f,f,f,f,f,f,f,f,f,f,f,f,f,f,f,f,f,f,f,f,f,f,f,f,f,f,f,f,f,f,f,f,f,f,f,f,f,f,f,f,f,f,f,f,f,f,f,f,f
f,f,f,f,f,f,f,f,f,f,f,f,f,f,f,f,f,f,f,f,w,f,f,f,f,f,f,f,f:b^b8,w,f,f,f,f,f,f,f,f,f,f,f,f,f,f,f,f,f,f,f,f,f,f,f,f,f,f,f,f,f,f,f,f,f,f,f,f,f,f,f,f,f,f,f,f,f,f,f,f,f,f,f,f,f,f,f,f,f,f,f,f
f,f,f,f,f,f,f,f,f,f,f,f,f,f,f,f,f,f,f,f,w,f,f,f,f,f,f,f,f,w,f,f,f,f,f,f,f,f,f,f,f,f,f,f,f,f,f,f,f,f,f,f,f,f,f,f,f,f,f,f,f,f,f,f,f,f,f,f,f,f,f,f,f,f,f,f,f,f,f,f,f,f,f,f,f,f,f,f,f,f
f,f,f,f,f,f,f,f,f,f,f,f,f,f,f,f,f,f,f,f,w,f,f,f,f,f,f,f,f,w,f,f,f,f,f,f,f,f,f,f,f,f,f,f,f,f,f,f,f,f,f,f,f,f,f,f,f,f,f,f,f,f,f,f,f,f,f,f,f,f,f,f,f,f,f,f,f,f,f,f,f,f,f,f,f,f,f,f,f,f
f,f,f,f,f,f,f,f,f,f,f,f,f,f,f,f,f,f,f,f,w,f,f,f,f,f,f,f,f,w,f,f,f,f,f,f,f,f,f,f,f,f,f,f,f,f,f,f,f,f,f,f,f,f,f,f,f,f,f,f,f,f,f,f,f,f,f,f,f,f,f,f,f,f,f,f,f,f,f,f,f,f,f,f,f,f,f,f,f,f
f,f,f,f,f,f,f,f,f,f,f,f,f,f,f,f,f,f,f,f,w,f,f,f,f,f,f,f,f,w,f,f,f,f,f,f,f,f,f,f,f,f,f,f,f,f,f,f,f,f,f,f,f,f,f,f,f,f,f,f,f,f,f,f,f,f,f,f,f,f,f,f,f,f,f,f,f,f,f,f,f,f,f,f,f,f,f,f,f,f
f,f,f,f,f,f,f,f,f,f,f,f,f,f,f,f,f,f,f,f,w,f,f,f,f,f,f,f,f,w,f,f,f,f,f,f,f,f,f,f,f,f,f,f,f,f,f,f,f,f,f,f,f,f,f,f,f,f,f,f,f,f,f,f,f,f,f,f,f,f,f,f,f,f,f,f,f,f,f,f,f,f,f,f,f,f,f,f,f,f
f,f,f,f,f,f,f,f,f,f,f,f,f,f,f,f,f,f,f,f,w,w,w,w,w,w,w,w,w,w,f,f,f,f,f,f,f,f,f,f,f,f,f,f,f,f,f,f,f,f,f,f,f,f,f,f,f,f,f,f,f,f,f,f,f,f,f,f,f,f,f,f,f,f,f,f,f,f,f,f,f,f,f,f,f,f,f,f,f,f
|w,w,w,w,w,w,w,w,w,w,,,,,,,,,,,w,w,w,w,w,w,w,w,w,w,,,,,,,,,,,w,w,w,w,w,w,w,w,w,w,,,,,,,,,,,,,,,,,,,,,,,,,,,,,,,w,w,w,w,w,w,w,w,w,w
w,,,,,,,,,w,,,,,,,,,,,w,,,,,,,,,w,,,,,,,,,,,w,,,,,,,,,w,,,,,,,,,,,,,,,,,,,,,,,,,,,,,,,w,,,,,,,,,w
w,,,,,,,,,w,,,,,,,,,,,w,,,,,,,,,w,,,,,,,,,,,w,,,,,,,,,w,,,,,,,,,,,,,,,,,,,,,,,,,,,,,,,w,,,,,,,,,w
w,,,,,,,,,w,w,w,w,w,w,w,w,w,w,w,w,,,,,,,,,w,w,w,w,w,w,w,w,w,w,w,w,,,,,,,,,w,,,,,,,,,,,,,,,,,,,,,,,,,,,,,,,w,,,,,,,,,w
w,,,,,,,,,,,,,,,,,,,,,,,,,,,,,,,,,,,,,,,,,,,,,,,,,w,,,,,,,,,,,,,,,,,,,,,,,,,,,,,,,w,,,,,,,,,w
w,,,,,,,,,,w,w,,,,,,,,,,,,,,,,,,,w,w,,,,,,,,,,,,,,,,,,w,,,,,,,,,,,,,,,,,,,,,,,,,,,,,,,w,,,,,,,,,w
w,,,,,,,,,w,w,w,w,w,w,w,w,w,w,w,w,,,,,,,,,w,w,w,w,w,w,w,w,w,w,w,w,,,,,,,,,w,,,,,,,,,,,,,,,,,,,,,,,,,,,,,,,w,,,,,,,,,w
w,,,,,,,,,w,,,,,,,,,,,w,,,,,,,,,w,,,,,,,,,,,w,,,,,,,,,w,,,,,,,,,,,,,,,,,,,,,,,,,,,,,,,w,,,,,,,,,w
w,,,,,,,,,w,,,,,,,,,,,w,,,,,,,,,w,,,,,,,,,,,w,,,,,,,,,w,,,,,,,,,,,,,,,,,,,,,,,,,,,,,,,w,,,,,,,,,w
w,w,w,w,w,w,w,w,w,w,,,,,,,,,,,w,w,w,w,,,w,w,w,w,,,,,,,,,,,w,w,w,w,w,w,w,w,w,w,,,,,,,,,,,,,,,,,,,,,,,,,,,,,,,w,w,w,w,,,w,w,w,w
,,,,,,,,,,,,,,,,,,,,,,,w,,,w,,,,,,,,,,,,,,,,,,,,,,,,,,,,,,,,,,,,,,,,,,,,,,,,,,,,,,,,,w,,,w,,,
,,,,,,,,,,,,,,,,,,,,,,,w,,,w,,,,,,,,,,,,,,,,,,,,,,,,,,,,,,,,,,,,,,,,,,,,,,,,,,,,,,,,,w,,,w,,,
,,,,,,,,,,,,,,,,,,,,,,,w,,,w,,,,,,,,,,,,,,,,,,,,,,,,,,,,,,,,,,,,,,,,,,,,,,,,,,,,,,,,,w,,,w,,,
,,,,,,,,,,,,,,,,,,,,,,,w,,,w,,,,,,,,,,,,,,,,,,,,,,,,,,,,,,,,,,,,,,,,,,,,,,,,,,,,,,,,,w,,,w,,,
,,,,,,,,,,,,,,,,,,,,,,,w,,,w,,,,,,,,,,,,,,,,,,,,,,,,,,,,,,,,,,,,,,,,,,,,,,,,,,,,,,,,,w,,,w,,,
,,,,,,,,,,,,,,,,,,,,,,,w,,,w,,,,,,,,,,,,,,,,,,,,,,,,,,,,,,,,,,,,,,,,,,,,,,,,,,,,,,,,,w,,,w,,,
,,,,,,,,,,,,,,,,,,,,,,,w,,,w,,,,,,,,,,,,,,,,,,,,,,,,,,,,,,,,,,,,,,,,,,,,,,,,,,,,,,,,,w,,,w,,,
,,,,,,,,,,,,,,,,,,,,,,,w,,,w,,,,,,,,,,,,,,,,,,,,,,,,,,,,,,,,,,,,,,,,,,,,,,,,,,,,,,,,,w,,,w,,,
,,,,,,,,,,,,,,,,,,,,,,,w,,w,w,,,,,,,,,,,,,,,,,,,,,,,,,,,,,,,,,,,,,,,,,,,,,,,,,,,,,,,,,w,,w,w,,,
,,,,,,,,,,,,,,,,,,,,,,,w,,w,w,,,,,,,,,,,,,,,,,,,,,,,,,,,,,,,,,,,,,,,,,,,,,,,,,,,,,,,,,w,,w,w,,,
,,,,,,,,,,,,,,,,,,,,w,w,w,w,,,w,w,w,w,,,,,,,,,,,w,w,w,w,w,w,w,w,w,w,,,,,,,,,,,w,w,w,w,w,w,w,w,w,w,,,,,,,,,,,w,w,w,w,,,w,w,w,w
,,,,,,,,,,,,,,,,,,,,w,,,,,,,,,w,,,,,,,,,,,w,,,,,,,,,w,,,,,,,,,,,w,,,,,,,,,w,,,,,,,,,,,w,,,,,,,,,w
,,,,,,,,,,,,,,,,,,,,w,,,,,,,,,w,,,,,,,,,,,w,,,,,,,,,w,,,,,,,,,,,w,,,,,,,,,w,,,,,,,,,,,w,,,,,,,,,w
,,,,,,,,,,,,,,,,,,,,w,,,,,,,,,w,,,,,,,,,,,w,,,,,,,,,w,w,w,w,w,w,w,w,w,w,w,w,,,,,,,,,w,w,w,w,w,w,w,w,w,w,w,w,,,,,,,,,w
,,,,,,,,,,,,,,,,,,,,w,,,,,,,,,w,,,,,,,,,,,w,,,,,,,,,,,,,,,,,,,,,,,,,,,,,,,,,,,,,,,,,,,,,,,,,w
,,,,,,,,,,,,,,,,,,,,w,,,,,,,,,w,,,,,,,,,,,w,,,,,,,,,,w,w,,,,,,,,,,,,,,,,,,,w,w,,,,,,,,,,,,,,,,,,w
,,,,,,,,,,,,,,,,,,,,w,,,,,,,,,w,,,,,,,,,,,w,,,,,,,,,w,w,w,w,w,w,w,w,w,w,w,w,,,,,,,,,w,w,w,w,w,w,w,w,w,w,w,w,,,,,,,,,w
,,,,,,,,,,,,,,,,,,,,w,,,,,,,,,w,,,,,,,,,,,w,,,,,,,,,w,,,,,,,,,,,w,,,,,,,,,w,,,,,,,,,,,w,,,,,,,,,w
,,,,,,,,,,,,,,,,,,,,w,,,,,,,,,w,,,,,,,,,,,w,,,,,,,,,w,,,,,,,,,,,w,,,,,,,,,w,,,,,,,,,,,w,,,,,,,,,w
,,,,,,,,,,,,,,,,,,,,w,w,w,w,,,w,w,w,w,,,,,,,,,,,w,w,w,w,w,w,w,w,w,w,,,,,,,,,,,w,w,w,w,,,w,w,w,w,,,,,,,,,,,w,w,w,w,w,w,w,w,w,w
,,,,,,,,,,,,,,,,,,,,,,,w,,,w,,,,,,,,,,,,,,,,,,,,,,,,,,,,,,,,,,,,,w,,,w,,,,,,,,,,,,,,,,,,,,,,,
,,,,,,,,,,,,,,,,,,,,,,,w,,,w,,,,,,,,,,,,,,,,,,,,,,,,,,,,,,,,,,,,,w,,,w,,,,,,,,,,,,,,,,,,,,,,,
,,,,,,,,,,,,,,,,,,,,,,,w,,,w,,,,,,,,,,,,,,,,,,,,,,,,,,,,,,,,,,,,,w,,,w,,,,,,,,,,,,,,,,,,,,,,,
,,,,,,,,,,,,,,,,,,,,,,,w,,,w,,,,,,,,,,,,,,,,,,,,,,,,,,,,,,,,,,,,,w,,,w,,,,,,,,,,,,,,,,,,,,,,,
,,,,,,,,,,,,,,,,,,,,,,,w,,,w,,,,,,,,,,,,,,,,,,,,,,,,,,,,,,,,,,,,,w,,,w,,,,,,,,,,,,,,,,,,,,,,,
,,,,,,,,,,,,,,,,,,,,,,,w,,,w,,,,,,,,,,,,,,,,,,,,,,,,,,,,,,,,,,,,,w,,,w,,,,,,,,,,,,,,,,,,,,,,,
,,,,,,,,,,,,,,,,,,,,,,,w,,,w,,,,,,,,,,,,,,,,,,,,,,,,,,,,,,,,,,,,,w,,,w,,,,,,,,,,,,,,,,,,,,,,,
,,,,,,,,,,,,,,,,,,,,,,,w,,,w,,,,,,,,,,,,,,,,,,,,,,,,,,,,,,,,,,,,,w,,,w,,,,,,,,,,,,,,,,,,,,,,,
,,,,,,,,,,,,,,,,,,,,,,,w,,w,w,,,,,,,,,,,,,,,,,,,,,,,,,,,,,,,,,,,,,w,,w,w,,,,,,,,,,,,,,,,,,,,,,,
,,,,,,,,,,,,,,,,,,,,,,,w,,w,w,,,,,,,,,,,,,,,,,,,,,,,,,,,,,,,,,,,,,w,,w,w,,,,,,,,,,,,,,,,,,,,,,,
w,w,w,w,w,w,w,w,w,w,,,,,,,,,,,w,w,w,w,,,w,w,w,w,,,,,,,,,,,w,w,w,w,w,w,w,w,w,w,,,,,,,,,,,w,w,w,w,,,w,w,w,w,,,,,,,,,,,,,,,,,,,,
w,,,,,,,,,w,,,,,,,,,,,w,,,,,,,,,w,,,,,,,,,,,w,,,,,,,,,w,,,,,,,,,,,w,,,,,,,,,w,,,,,,,,,,,,,,,,,,,,
w,,,,,,,,,w,,,,,,,,,,,w,,,,,,,,,w,,,,,,,,,,,w,,,,,,,,,w,,,,,,,,,,,w,,,,,,,,,w,,,,,,,,,,,,,,,,,,,,
w,,,,,,,,,w,w,w,w,w,w,w,w,w,w,w,w,,,,,,,,,w,,,,,,,,,,,w,,,,,,,,,w,w,w,w,w,w,w,w,w,w,w,w,,,,,,,,,w,,,,,,,,,,,,,,,,,,,,
w,,,,,,,,,,,,,,,,,,,,,,,,,,,,,w,,,,,,,,,,,w,,,,w,w,,,,,,,,,,,,,,,,,,,,,,,,w,,,,,,,,,,,,,,,,,,,,
w,,,,,,,,,,w,w,,,,,,,,,,,,,,,,,,w,,,,,,,,,,,w,,,w,w,w,w,,,,w,w,,,,,,,,,,,,,,,,,,w,,,,,,,,,,,,,,,,,,,,
w,,,,,,,,,w,w,w,w,w,w,w,w,w,w,w,w,,,,,,,,,w,,,,,,,,,,,w,,,,,w,,,,w,w,w,w,w,w,w,w,w,w,w,w,,,,,,,,,w,,,,,,,,,,,,,,,,,,,,
w,,,,,,,,,w,,,,,,,,,,,w,,,,,,,,,w,,,,,,,,,,,w,,,,,,,,,w,,,,,,,,,,,w,,,,,,,,,w,,,,,,,,,,,,,,,,,,,,
w,,,,,,,,,w,,,,,,,,,,,w,,,,,,,,,w,,,,,,,,,,,w,,,,,,,,,w,,,,,,,,,,,w,,,,,,,,,w,,,,,,,,,,,,,,,,,,,,
w,w,w,w,,,w,w,w,w,,,,,,,,,,,w,w,w,w,,,w,w,w,w,,,,,,,,,,,w,w,w,w,,,w,w,w,w,,,,,,,,,,,w,w,w,w,,,w,w,w,w,,,,,,,,,,,,,,,,,,,,
,,,w,,,w,,,,,,,,,,,,,,,,,w,,,w,,,,,,,,,,,,,,,,,w,,,w,,,,,,,,,,,,,,,,,w,,,w,,,,,,,,,,,,,,,,,,,,,,,
,,,w,,,w,,,,,,,,,,,,,,,,,w,,,w,,,,,,,,,,,,,,,,,w,,,w,,,,,,,,,,,,,,,,,w,,,w,,,,,,,,,,,,,,,,,,,,,,,
,,,w,,,w,,,,,,,,,,,,,,,,,w,,,w,,,,,,,,,,,,,,,,,w,,,w,,,,,,,,,,,,,,,,,w,,,w,,,,,,,,,,,,,,,,,,,,,,,
,,,w,,,w,,,,,,,,,,,,,,,,,w,,,w,,,,,,,,,,,,,,,,,w,,,w,,,,,,,,,,,,,,,,,w,,,w,,,,,,,,,,,,,,,,,,,,,,,
,,,w,,,w,,,,,,,,,,,,,,,,,w,,,w,,,,,,,,,,,,,,,,,w,,,w,,,,,,,,,,,,,,,,,w,,,w,,,,,,,,,,,,,,,,,,,,,,,
,,,w,,,w,,,,,,,,,,,,,,,,,w,,,w,,,,,,,,,,,,,,,,,w,,,w,,,,,,,,,,,,,,,,,w,,,w,,,,,,,,,,,,,,,,,,,,,,,
,,,w,,,w,,,,,,,,,,,,,,,,,w,,,w,,,,,,,,,,,,,,,,,w,,,w,,,,,,,,,,,,,,,,,w,,,w,,,,,,,,,,,,,,,,,,,,,,,
,,,w,,,w,,,,,,,,,,,,,,,,,w,,,w,,,,,,,,,,,,,,,,,w,,,w,,,,,,,,,,,,,,,,,w,,,w,,,,,,,,,,,,,,,,,,,,,,,
,,,w,,w,w,,,,,,,,,,,,,,,,,w,,w,w,,,,,,,,,,,,,,,,,w,,w,w,,,,,,,,,,,,,,,,,w,,w,w,,,,,,,,,,,,,,,,,,,,,,,
,,,w,,w,w,,,,,,,,,,,,,,,,,w,,w,w,,,,,,,,,,,,,,,,,w,,w,w,,,,,,,,,,,,,,,,,w,,w,w,,,,,,,,,,,,,,,,,,,,,,,
w,w,w,w,,,w,w,w,w,,,,,,,,,,,w,w,w,w,,,w,w,w,w,,,,,,,,,,,w,w,w,w,,,w,w,w,w,,,,,,,,,,,w,w,w,w,,,w,w,w,w,,,,,,,,,,,,,,,,,,,,
w,,,,,,,,,w,,,,,,,,,,,w,,,,,,,,,w,,,,,,,,,,,w,,,,,,,,,w,,,,,,,,,,,w,,,,,,,,,w,,,,,,,,,,,,,,,,,,,,
w,,,,,,,,,w,,,,,,,,,,,w,,,,,,,,,w,,,,,,,,,,,w,,,,,,,,,w,,,,,,,,,,,w,,,,,,,,,w,,,,,,,,,,,,,,,,,,,,
w,,,,,,,,,w,,,,,,,,,,,w,,,,,,,,,w,w,w,w,w,w,w,w,w,w,w,w,,,,,,,,,w,,,,,,,,,,,w,,,,,,,,,w,,,,,,,,,,,,,,,,,,,,
w,,,,,,,,,w,,,,,,,,,,,w,,,,,,,,,,,,,,,,,,,,,,,,,,,,,w,,,,,,,,,,,w,,,,,,,,,w,,,,,,,,,,,,,,,,,,,,
w,,,,,,,,,w,,,,,,,,,,,w,,,,,,,,,,w,w,,,,,,,,,,,,,,,,,,w,,,,,,,,,,,w,,,,,,,,,w,,,,,,,,,,,,,,,,,,,,
w,,,,,,,,,w,,,,,,,,,,,w,,,,,,,,,w,w,w,w,w,w,w,w,w,w,w,w,,,,,,,,,w,,,,,,,,,,,w,,,,,,,,,w,,,,,,,,,,,,,,,,,,,,
w,,,,,,,,,w,,,,,,,,,,,w,,,,,,,,,w,,,,,,,,,,,w,,,,,,,,,w,,,,,,,,,,,w,,,,,,,,,w,,,,,,,,,,,,,,,,,,,,
w,,,,,,,,,w,,,,,,,,,,,w,,,,,,,,,w,,,,,,,,,,,w,,,,,,,,,w,,,,,,,,,,,w,,,,,,,,,w,,,,,,,,,,,,,,,,,,,,
w,w,w,w,w,w,w,w,w,w,,,,,,,,,,,w,w,w,w,w,w,w,w,w,w,,,,,,,,,,,w,w,w,w,,,w,w,w,w,,,,,,,,,,,w,w,w,w,w,w,w,w,w,w,,,,,,,,,,,,,,,,,,,,
,,,,,,,,,,,,,,,,,,,,,,,,,,,,,,,,,,,,,,,,,,,w,,,w,,,,,,,,,,,,,,,,,,,,,,,,,,,,,,,,,,,,,,,,,,,
,,,,,,,,,,,,,,,,,,,,,,,,,,,,,,,,,,,,,,,,,,,w,,,w,,,,,,,,,,,,,,,,,,,,,,,,,,,,,,,,,,,,,,,,,,,
,,,,,,,,,,,,,,,,,,,,,,,,,,,,,,,,,,,,,,,,,,,w,,,w,,,,,,,,,,,,,,,,,,,,,,,,,,,,,,,,,,,,,,,,,,,
,,,,,,,,,,,,,,,,,,,,,,,,,,,,,,,,,,,,,,,,,,,w,,,w,,,,,,,,,,,,,,,,,,,,,,,,,,,,,,,,,,,,,,,,,,,
,,,,,,,,,,,,,,,,,,,,,,,,,,,,,,,,,,,,,,,,,,,w,,,w,,,,,,,,,,,,,,,,,,,,,,,,,,,,,,,,,,,,,,,,,,,
,,,,,,,,,,,,,,,,,,,,,,,,,,,,,,,,,,,,,,,,,,,w,,,w,,,,,,,,,,,,,,,,,,,,,,,,,,,,,,,,,,,,,,,,,,,
,,,,,,,,,,,,,,,,,,,,,,,,,,,,,,,,,,,,,,,,,,,w,,,w,,,,,,,,,,,,,,,,,,,,,,,,,,,,,,,,,,,,,,,,,,,
,,,,,,,,,,,,,,,,,,,,,,,,,,,,,,,,,,,,,,,,,,,w,,,w,,,,,,,,,,,,,,,,,,,,,,,,,,,,,,,,,,,,,,,,,,,
,,,,,,,,,,,,,,,,,,,,,,,,,,,,,,,,,,,,,,,,,,,w,,w,w,,,,,,,,,,,,,,,,,,,,,,,,,,,,,,,,,,,,,,,,,,,
,,,,,,,,,,,,,,,,,,,,,,,,,,,,,,,,,,,,,,,,,,,w,,w,w,,,,,,,,,,,,,,,,,,,,,,,,,,,,,,,,,,,,,,,,,,,
w,w,w,w,w,w,w,w,w,w,,,,,,,,,,,w,w,w,w,w,w,w,w,w,w,,,,,,,,,,,w,w,w,w,,,w,w,w,w,,,,,,,,,,,w,w,w,w,w,w,w,w,w,w,,,,,,,,,,,,,,,,,,,,
w,,,,,,,,,w,,,,,,,,,,,w,,,,,,,,,w,,,,,,,,,,,w,,,,,,,,,w,,,,,,,,,,,w,,,,,,,,,w,,,,,,,,,,,,,,,,,,,,
w,,,,,,,,,w,,,,,,,,,,,w,,,,,,,,,w,,,,,,,,,,,w,,,,,,,,,w,,,,,,,,,,,w,,,,,,,,,w,,,,,,,,,,,,,,,,,,,,
w,,,,,,,,,w,w,w,w,w,w,w,w,w,w,w,w,,,,,,,,,w,w,w,w,w,w,w,w,w,w,w,w,,,,,,,,,w,w,w,w,w,w,w,w,w,w,w,w,,,,,,,,,w,,,,,,,,,,,,,,,,,,,,
w,,,,,,,,,,,,,,,,,,,,,,,,,,,,,,,,,,,,,,,,,,,,,,,,,,,,,,,,,,,,,,,,,,,,,w,,,,,,,,,,,,,,,,,,,,
w,,,,,,,,,,w,w,,,,,,,,,,,,,,,,,,,w,w,,,,,,,,,,,,,,,,,,,w,w,,,,,,,,,,,,,,,,,,w,,,,,,,,,,,,,,,,,,,,
w,,,,,,,,,w,w,w,w,w,w,w,w,w,w,w,w,,,,,,,,,w,w,w,w,w,w,w,w,w,w,w,w,,,,,,,,,w,w,w,w,w,w,w,w,w,w,w,w,,,,,,,,,w,,,,,,,,,,,,,,,,,,,,
w,,,,,,,,,w,,,,,,,,,,,w,,,,,,,,,w,,,,,,,,,,,w,,,,,,,,,w,,,,,,,,,,,w,,,,,,,,,w,,,,,,,,,,,,,,,,,,,,
w,,,,,,,,,w,,,,,,,,,,,w,,,,,,,,,w,,,,,,,,,,,w,,,,,,,,,w,,,,,,,,,,,w,,,,,,,,,w,,,,,,,,,,,,,,,,,,,,
w,w,w,w,w,w,w,w,w,w,,,,,,,,,,,w,w,w,w,,,w,w,w,w,,,,,,,,,,,w,w,w,w,w,w,w,w,w,w,,,,,,,,,,,w,w,w,w,w,w,w,w,w,w,,,,,,,,,,,,,,,,,,,,
,,,,,,,,,,,,,,,,,,,,,,,w,,,w,,,,,,,,,,,,,,,,,,,,,,,,,,,,,,,,,,,,,,,,,,,,,,,,,,,,,,,,,,,,,,,
,,,,,,,,,,,,,,,,,,,,,,,w,,,w,,,,,,,,,,,,,,,,,,,,,,,,,,,,,,,,,,,,,,,,,,,,,,,,,,,,,,,,,,,,,,,
,,,,,,,,,,,,,,,,,,,,,,,w,,,w,,,,,,,,,,,,,,,,,,,,,,,,,,,,,,,,,,,,,,,,,,,,,,,,,,,,,,,,,,,,,,,
,,,,,,,,,,,,,,,,,,,,,,,w,,,w,,,,,,,,,,,,,,,,,,,,,,,,,,,,,,,,,,,,,,,,,,,,,,,,,,,,,,,,,,,,,,,
,,,,,,,,,,,,,,,,,,,,,,,w,,,w,,,,,,,,,,,,,,,,,,,,,,,,,,,,,,,,,,,,,,,,,,,,,,,,,,,,,,,,,,,,,,,
,,,,,,,,,,,,,,,,,,,,,,,w,,,w,,,,,,,,,,,,,,,,,,,,,,,,,,,,,,,,,,,,,,,,,,,,,,,,,,,,,,,,,,,,,,,
,,,,,,,,,,,,,,,,,,,,,,,w,,,w,,,,,,,,,,,,,,,,,,,,,,,,,,,,,,,,,,,,,,,,,,,,,,,,,,,,,,,,,,,,,,,
,,,,,,,,,,,,,,,,,,,,,,,w,,,w,,,,,,,,,,,,,,,,,,,,,,,,,,,,,,,,,,,,,,,,,,,,,,,,,,,,,,,,,,,,,,,
,,,,,,,,,,,,,,,,,,,,,,,w,,w,w,,,,,,,,,,,,,,,,,,,,,,,,,,,,,,,,,,,,,,,,,,,,,,,,,,,,,,,,,,,,,,,
,,,,,,,,,,,,,,,,,,,,,,,w,,w,w,,,,,,,,,,,,,,,,,,,,,,,,,,,,,,,,,,,,,,,,,,,,,,,,,,,,,,,,,,,,,,,
,,,,,,,,,,,,,,,,,,,,w,w,w,w,,,w,w,w,w,,,,,,,,,,,,,,,,,,,,,,,,,,,,,,,,,,,,,,,,,,,,,,,,,,,,,,,,,,,,
,,,,,,,,,,,,,,,,,,,,w,,,,,,,,,w,,,,,,,,,,,,,,,,,,,,,,,,,,,,,,,,,,,,,,,,,,,,,,,,,,,,,,,,,,,,
,,,,,,,,,,,,,,,,,,,,w,,,,,,,,,w,,,,,,,,,,,,,,,,,,,,,,,,,,,,,,,,,,,,,,,,,,,,,,,,,,,,,,,,,,,,
,,,,,,,,,,,,,,,,,,,,w,,,,,,,,,w,,,,,,,,,,,,,,,,,,,,,,,,,,,,,,,,,,,,,,,,,,,,,,,,,,,,,,,,,,,,
,,,,,,,,,,,,,,,,,,,,w,,,,,,,,,w,,,,,,,,,,,,,,,,,,,,,,,,,,,,,,,,,,,,,,,,,,,,,,,,,,,,,,,,,,,,
,,,,,,,,,,,,,,,,,,,,w,,,,,,,,,w,,,,,,,,,,,,,,,,,,,,,,,,,,,,,,,,,,,,,,,,,,,,,,,,,,,,,,,,,,,,
,,,,,,,,,,,,,,,,,,,,w,,,,,,,,,w,,,,,,,,,,,,,,,,,,,,,,,,,,,,,,,,,,,,,,,,,,,,,,,,,,,,,,,,,,,,
,,,,,,,,,,,,,,,,,,,,w,,,,,,,,,w,,,,,,,,,,,,,,,,,,,,,,,,,,,,,,,,,,,,,,,,,,,,,,,,,,,,,,,,,,,,
,,,,,,,,,,,,,,,,,,,,w,,,,,,,,,w,,,,,,,,,,,,,,,,,,,,,,,,,,,,,,,,,,,,,,,,,,,,,,,,,,,,,,,,,,,,
,,,,,,,,,,,,,,,,,,,,w,w,w,w,w,w,w,w,w,w,,,,,,,,,,,,,,,,,,,,,,,,,,,,,,,,,,,,,,,,,,,,,,,,,,,,,,,,,,,,
|w,w,w,w,w,w,w,w,w,w,,,,,,,,,,,w,w,w,w,w,w,w,w,w,w,,,,,,,,,,,w,w,w,w,w,w,w,w,w,w,,,,,,,,,,,,,,,,,,,,,,,,,,,,,,,w,w,w,w,w,w,w,w,w,w
w,,,,,,,,,w,,,,,,,,,,,w,,,,,,,,,w,,,,,,,,,,,w,,,,,,,,,w,,,,,,,,,,,,,,,,,,,,,,,,,,,,,,,w,,,,,,,,,w
w,,,,,,,,,w,,,,,,,,,,,w,,,,,,,,,w,,,,,,,,,,,w,,,,,,,,,w,,,,,,,,,,,,,,,,,,,,,,,,,,,,,,,w,,,,,,,,,w
w,,,,,,,,,w,w,w,w,w,w,w,w,w,w,w,w,,,,,,,,,w,w,w,w,w,w,w,w,w,w,w,w,,,,,,,,,w,,,,,,,,,,,,,,,,,,,,,,,,,,,,,,,w,,,,,,,,,w
w,,,,,,,,,,w,,,,,,,,,,,,,,,,,,,,w,,,,,,,,,,,,,,,,,,,w,,,,,,,,,,,,,,,,,,,,,,,,,,,,,,,w,,,,,,,,,w
w,,,,,,,,,,w,w,,,,,,,,,,,,,,,,,,,w,w,,,,,,,,,,,,,,,,,,w,,,,,,,,,,,,,,,,,,,,,,,,,,,,,,,w,,,,,,,,,w
w,,,,,,,,,w,w,w,w,w,w,w,w,w,w,w,w,,,,,,,,,w,w,w,w,w,w,w,w,w,w,w,w,,,,,,,,,w,,,,,,,,,,,,,,,,,,,,,,,,,,,,,,,w,,,,,,,,,w
w,,,,,,,,,w,,,,,,,,,,,w,,,,,,,,,w,,,,,,,,,,,w,,,,,,,,,w,,,,,,,,,,,,,,,,,,,,,,,,,,,,,,,w,,,,,,,,,w
w,,,,,,,,,w,,,,,,,,,,,w,,,,,,,,,w,,,,,,,,,,,w,,,,,,,,,w,,,,,,,,,,,,,,,,,,,,,,,,,,,,,,,w,,,,,,,,,w
w,w,w,w,w,w,w,w,w,w,,,,,,,,,,,w,w,w,w,,,w,w,w,w,,,,,,,,,,,w,w,w,w,w,w,w,w,w,w,,,,,,,,,,,,,,,,,,,,,,,,,,,,,,,w,w,w,w,,,w,w,w,w
,,,,,,,,,,,,,,,,,,,,,,,w,,,w,,,,,,,,,,,,,,,,,,,,,,,,,,,,,,,,,,,,,,,,,,,,,,,,,,,,,,,,,w,,,w,,,
,,,,,,,,,,,,,,,,,,,,,,,w,,,w,,,,,,,,,,,,,,,,,,,,,,,,,,,,,,,,,,,,,,,,,,,,,,,,,,,,,,,,,w,,,w,,,
,,,,,,,,,,,,,,,,,,,,,,,w,,,w,,,,,,,,,,,,,,,,,,,,,,,,,,,,,,,,,,,,,,,,,,,,,,,,,,,,,,,,,w,,,w,,,
,,,,,,,,,,,,,,,,,,,,,,,w,,,w,,,,,,,,,,,,,,,,,,,,,,,,,,,,,,,,,,,,,,,,,,,,,,,,,,,,,,,,,w,,,w,,,
,,,,,,,,,,,,,,,,,,,,,,,w,,,w,,,,,,,,,,,,,,,,,,,,,,,,,,,,,,,,,,,,,,,,,,,,,,,,,,,,,,,,,w,,,w,,,
,,,,,,,,,,,,,,,,,,,,,,,w,,,w,,,,,,,,,,,,,,,,,,,,,,,,,,,,,,,,,,,,,,,,,,,,,,,,,,,,,,,,,w,,,w,,,
,,,,,,,,,,,,,,,,,,,,,,,w,,,w,,,,,,,,,,,,,,,,,,,,,,,,,,,,,,,,,,,,,,,,,,,,,,,,,,,,,,,,,w,,,w,,,
,,,,,,,,,,,,,,,,,,,,,,,w,,,w,,,,,,,,,,,,,,,,,,,,,,,,,,,,,,,,,,,,,,,,,,,,,,,,,,,,,,,,,w,,,w,,,
,,,,,,,,,,,,,,,,,,,,,,,w,,w,w,,,,,,,,,,,,,,,,,,,,,,,,,,,,,,,,,,,,,,,,,,,,,,,,,,,,,,,,,w,,w,w,,,
,,,,,,,,,,,,,,,,,,,,,,,w,w,w,w,,,,,,,,,,,,,,,,,,,,,,,,,,,,,,,,,,,,,,,,,,,,,,,,,,,,,,,,,w,w,w,w,,,
,,,,,,,,,,,,,,,,,,,,w,w,w,w,,,w,w,w,w,,,,,,,,,,,w,w,w,w,w,w,w,w,w,w,,,,,,,,,,,w,w,w,w,w,w,w,w,w,w,,,,,,,,,,,w,w,w,w,,,w,w,w,w
,,,,,,,,,,,,,,,,,,,,w,,,,,,,,,w,,,,,,,,,,,w,,,,,,,,,w,,,,,,,,,,,w,,,,,,,,,w,,,,,,,,,,,w,,,,,,,,,w
,,,,,,,,,,,,,,,,,,,,w,,,,,,,,,w,,,,,,,,,,,w,,,,,,,,,w,,,,,,,,,,,w,,,,,,,,,w,,,,,,,,,,,w,,,,,,,,,w
,,,,,,,,,,,,,,,,,,,,w,,,,,,,,,w,,,,,,,,,,,w,,,,,,,,,w,w,w,w,w,w,w,w,w,w,w,w,,,,,,,,,w,w,w,w,w,w,w,w,w,w,w,w,,,,,,,,,w
,,,,,,,,,,,,,,,,,,,,w,,,,,,,,,w,,,,,,,,,,,w,,,,,,,,,,w,,,,,,,,,,,,,,,,,,,,w,,,,,,,,,,,,,,,,,,,w
,,,,,,,,,,,,,,,,,,,,w,,,,,,,,,w,,,,,,,,,,,w,,,,,,,,,,w,w,,,,,,,,,,,,,,,,,,,w,w,,,,,,,,,,,,,,,,,,w
,,,,,,,,,,,,,,,,,,,,w,,,,,,,,,w,,,,,,,,,,,w,,,,,,,,,w,w,w,w,w,w,w,w,w,w,w,w,,,,,,,,,w,w,w,w,w,w,w,w,w,w,w,w,,,,,,,,,w
,,,,,,,,,,,,,,,,,,,,w,,,,,,,,,w,,,,,,,,,,,w,,,,,,,,,w,,,,,,,,,,,w,,,,,,,,,w,,,,,,,,,,,w,,,,,,,,,w
,,,,,,,,,,,,,,,,,,,,w,,,,,,,,,w,,,,,,,,,,,w,,,,,,,,,w,,,,,,,,,,,w,,,,,,,,,w,,,,,,,,,,,w,,,,,,,,,w
,,,,,,,,,,,,,,,,,,,,w,w,w,w,,,w,w,w,w,,,,,,,,,,,w,w,w,w,w,w,w,w,w,w,,,,,,,,,,,w,w,w,w,,,w,w,w,w,,,,,,,,,,,w,w,w,w,w,w,w,w,w,w
,,,,,,,,,,,,,,,,,,,,,,,w,,,w,,,,,,,,,,,,,,,,,,,,,,,,,,,,,,,,,,,,,w,,,w,,,,,,,,,,,,,,,,,,,,,,,
,,,,,,,,,,,,,,,,,,,,,,,w,,,w,,,,,,,,,,,,,,,,,,,,,,,,,,,,,,,,,,,,,w,,,w,,,,,,,,,,,,,,,,,,,,,,,
,,,,,,,,,,,,,,,,,,,,,,,w,,,w,,,,,,,,,,,,,,,,,,,,,,,,,,,,,,,,,,,,,w,,,w,,,,,,,,,,,,,,,,,,,,,,,
,,,,,,,,,,,,,,,,,,,,,,,w,,,w,,,,,,,,,,,,,,,,,,,,,,,,,,,,,,,,,,,,,w,,,w,,,,,,,,,,,,,,,,,,,,,,,
,,,,,,,,,,,,,,,,,,,,,,,w,,,w,,,,,,,,,,,,,,,,,,,,,,,,,,,,,,,,,,,,,w,,,w,,,,,,,,,,,,,,,,,,,,,,,
,,,,,,,,,,,,,,,,,,,,,,,w,,,w,,,,,,,,,,,,,,,,,,,,,,,,,,,,,,,,,,,,,w,,,w,,,,,,,,,,,,,,,,,,,,,,,
,,,,,,,,,,,,,,,,,,,,,,,w,,,w,,,,,,,,,,,,,,,,,,,,,,,,,,,,,,,,,,,,,w,,,w,,,,,,,,,,,,,,,,,,,,,,,
,,,,,,,,,,,,,,,,,,,,,,,w,,,w,,,,,,,,,,,,,,,,,,,,,,,,,,,,,,,,,,,,,w,,,w,,,,,,,,,,,,,,,,,,,,,,,
,,,,,,,,,,,,,,,,,,,,,,,w,,w,w,,,,,,,,,,,,,,,,,,,,,,,,,,,,,,,,,,,,,w,,w,w,,,,,,,,,,,,,,,,,,,,,,,
,,,,,,,,,,,,,,,,,,,,,,,w,w,w,w,,,,,,,,,,,,,,,,,,,,,,,,,,,,,,,,,,,,,w,w,w,w,,,,,,,,,,,,,,,,,,,,,,,
w,w,w,w,w,w,w,w,w,w,,,,,,,,,,,w,w,w,w,,,w,w,w,w,,,,,,,,,,,w,w,w,w,w,w,w,w,w,w,,,,,,,,,,,w,w,w,w,,,w,w,w,w,,,,,,,,,,,,,,,,,,,,
w,,,,,,,,,w,,,,,,,,,,,w,,,,,,,,,w,,,,,,,,,,,w,,,,,,,,,w,,,,,,,,,,,w,,,,,,,,,w,,,,,,,,,,,,,,,,,,,,
w,,,,,,,,,w,,,,,,,,,,,w,,,,,,,,,w,,,,,,,,,,,w,,,,,,,,,w,,,,,,,,,,,w,,,,,,,,,w,,,,,,,,,,,,,,,,,,,,
w,,,,,,,,,w,w,w,w,w,w,w,w,w,w,w,w,,,,,,,,,w,,,,,,,,,,,w,,,,,,,,,w,w,w,w,w,w,w,w,w,w,w,w,,,,,,,,,w,,,,,,,,,,,,,,,,,,,,
w,,,,,,,,,,w,,,,,,,,,,,,,,,,,,,w,,,,,,,,,,,w,,,,w,w,,,,,w,,,,,,,,,,,,,,,,,,,w,,,,,,,,,,,,,,,,,,,,
w,,,,,,,,,,w,w,,,,,,,,,,,,,,,,,,w,,,,,,,,,,,w,,,w,w,w,w,,,,w,w,,,,,,,,,,,,,,,,,,w,,,,,,,,,,,,,,,,,,,,
w,,,,,,,,,w,w,w,w,w,w,w,w,w,w,w,w,,,,,,,,,w,,,,,,,,,,,w,,,,,w,,,,w,w,w,w,w,w,w,w,w,w,w,w,,,,,,,,,w,,,,,,,,,,,,,,,,,,,,
w,,,,,,,,,w,,,,,,,,,,,w,,,,,,,,,w,,,,,,,,,,,w,,,,,,,,,w,,,,,,,,,,,w,,,,,,,,,w,,,,,,,,,,,,,,,,,,,,
w,,,,,,,,,w,,,,,,,,,,,w,,,,,,,,,w,,,,,,,,,,,w,,,,,,,,,w,,,,,,,,,,,w,,,,,,,,,w,,,,,,,,,,,,,,,,,,,,
w,w,w,w,,,w,w,w,w,,,,,,,,,,,w,w,w,w,,,w,w,w,w,,,,,,,,,,,w,w,w,w,,,w,w,w,w,,,,,,,,,,,w,w,w,w,,,w,w,w,w,,,,,,,,,,,,,,,,,,,,
,,,w,,,w,,,,,,,,,,,,,,,,,w,,,w,,,,,,,,,,,,,,,,,w,,,w,,,,,,,,,,,,,,,,,w,,,w,,,,,,,,,,,,,,,,,,,,,,,
,,,w,,,w,,,,,,,,,,,,,,,,,w,,,w,,,,,,,,,,,,,,,,,w,,,w,,,,,,,,,,,,,,,,,w,,,w,,,,,,,,,,,,,,,,,,,,,,,
,,,w,,,w,,,,,,,,,,,,,,,,,w,,,w,,,,,,,,,,,,,,,,,w,,,w,,,,,,,,,,,,,,,,,w,,,w,,,,,,,,,,,,,,,,,,,,,,,
,,,w,,,w,,,,,,,,,,,,,,,,,w,,,w,,,,,,,,,,,,,,,,,w,,,w,,,,,,,,,,,,,,,,,w,,,w,,,,,,,,,,,,,,,,,,,,,,,
,,,w,,,w,,,,,,,,,,,,,,,,,w,,,w,,,,,,,,,,,,,,,,,w,,,w,,,,,,,,,,,,,,,,,w,,,w,,,,,,,,,,,,,,,,,,,,,,,
,,,w,,,w,,,,,,,,,,,,,,,,,w,,,w,,,,,,,,,,,,,,,,,w,,,w,,,,,,,,,,,,,,,,,w,,,w,,,,,,,,,,,,,,,,,,,,,,,
,,,w,,,w,,,,,,,,,,,,,,,,,w,,,w,,,,,,,,,,,,,,,,,w,,,w,,,,,,,,,,,,,,,,,w,,,w,,,,,,,,,,,,,,,,,,,,,,,
,,,w,,,w,,,,,,,,,,,,,,,,,w,,,w,,,,,,,,,,,,,,,,,w,,,w,,,,,,,,,,,,,,,,,w,,,w,,,,,,,,,,,,,,,,,,,,,,,
,,,w,,w,w,,,,,,,,,,,,,,,,,w,,w,w,,,,,,,,,,,,,,,,,w,,w,w,,,,,,,,,,,,,,,,,w,,w,w,,,,,,,,,,,,,,,,,,,,,,,
,,,w,w,w,w,,,,,,,,,,,,,,,,,w,w,w,w,,,,,,,,,,,,,,,,,w,w,w,w,,,,,,,,,,,,,,,,,w,w,w,w,,,,,,,,,,,,,,,,,,,,,,,
w,w,w,w,,,w,w,w,w,,,,,,,,,,,w,w,w,w,,,w,w,w,w,,,,,,,,,,,w,w,w,w,,,w,w,w,w,,,,,,,,,,,w,w,w,w,,,w,w,w,w,,,,,,,,,,,,,,,,,,,,
w,,,,,,,,,w,,,,,,,,,,,w,,,,,,,,,w,,,,,,,,,,,w,,,,,,,,,w,,,,,,,,,,,w,,,,,,,,,w,,,,,,,,,,,,,,,,,,,,
w,,,,,,,,,w,,,,,,,,,,,w,,,,,,,,,w,,,,,,,,,,,w,,,,,,,,,w,,,,,,,,,,,w,,,,,,,,,w,,,,,,,,,,,,,,,,,,,,
w,,,,,,,,,w,,,,,,,,,,,w,,,,,,,,,w,w,w,w,w,w,w,w,w,w,w,w,,,,,,,,,w,,,,,,,,,,,w,,,,,,,,,w,,,,,,,,,,,,,,,,,,,,
w,,,,,,,,,w,,,,,,,,,,,w,,,,,,,,,,w,,,,,,,,,,,,,,,,,,,w,,,,,,,,,,,w,,,,,,,,,w,,,,,,,,,,,,,,,,,,,,
w,,,,,,,,,w,,,,,,,,,,,w,,,,,,,,,,w,w,,,,,,,,,,,,,,,,,,w,,,,,,,,,,,w,,,,,,,,,w,,,,,,,,,,,,,,,,,,,,
w,,,,,,,,,w,,,,,,,,,,,w,,,,,,,,,w,w,w,w,w,w,w,w,w,w,w,w,,,,,,,,,w,,,,,,,,,,,w,,,,,,,,,w,,,,,,,,,,,,,,,,,,,,
w,,,,,,,,,w,,,,,,,,,,,w,,,,,,,,,w,,,,,,,,,,,w,,,,,,,,,w,,,,,,,,,,,w,,,,,,,,,w,,,,,,,,,,,,,,,,,,,,
w,,,,,,,,,w,,,,,,,,,,,w,,,,,,,,,w,,,,,,,,,,,w,,,,,,,,,w,,,,,,,,,,,w,,,,,,,,,w,,,,,,,,,,,,,,,,,,,,
w,w,w,w,w,w,w,w,w,w,,,,,,,,,,,w,w,w,w,w,w,w,w,w,w,,,,,,,,,,,w,w,w,w,,,w,w,w,w,,,,,,,,,,,w,w,w,w,w,w,w,w,w,w,,,,,,,,,,,,,,,,,,,,
,,,,,,,,,,,,,,,,,,,,,,,,,,,,,,,,,,,,,,,,,,,w,,,w,,,,,,,,,,,,,,,,,,,,,,,,,,,,,,,,,,,,,,,,,,,
,,,,,,,,,,,,,,,,,,,,,,,,,,,,,,,,,,,,,,,,,,,w,,,w,,,,,,,,,,,,,,,,,,,,,,,,,,,,,,,,,,,,,,,,,,,
,,,,,,,,,,,,,,,,,,,,,,,,,,,,,,,,,,,,,,,,,,,w,,,w,,,,,,,,,,,,,,,,,,,,,,,,,,,,,,,,,,,,,,,,,,,
,,,,,,,,,,,,,,,,,,,,,,,,,,,,,,,,,,,,,,,,,,,w,,,w,,,,,,,,,,,,,,,,,,,,,,,,,,,,,,,,,,,,,,,,,,,
,,,,,,,,,,,,,,,,,,,,,,,,,,,,,,,,,,,,,,,,,,,w,,,w,,,,,,,,,,,,,,,,,,,,,,,,,,,,,,,,,,,,,,,,,,,
,,,,,,,,,,,,,,,,,,,,,,,,,,,,,,,,,,,,,,,,,,,w,,,w,,,,,,,,,,,,,,,,,,,,,,,,,,,,,,,,,,,,,,,,,,,
,,,,,,,,,,,,,,,,,,,,,,,,,,,,,,,,,,,,,,,,,,,w,,,w,,,,,,,,,,,,,,,,,,,,,,,,,,,,,,,,,,,,,,,,,,,
,,,,,,,,,,,,,,,,,,,,,,,,,,,,,,,,,,,,,,,,,,,w,,,w,,,,,,,,,,,,,,,,,,,,,,,,,,,,,,,,,,,,,,,,,,,
,,,,,,,,,,,,,,,,,,,,,,,,,,,,,,,,,,,,,,,,,,,w,,w,w,,,,,,,,,,,,,,,,,,,,,,,,,,,,,,,,,,,,,,,,,,,
,,,,,,,,,,,,,,,,,,,,,,,,,,,,,,,,,,,,,,,,,,,w,w,w,w,,,,,,,,,,,,,,,,,,,,,,,,,,,,,,,,,,,,,,,,,,,
w,w,w,w,w,w,w,w,w,w,,,,,,,,,,,w,w,w,w,w,w,w,w,w,w,,,,,,,,,,,w,w,w,w,,,w,w,w,w,,,,,,,,,,,w,w,w,w,w,w,w,w,w,w,,,,,,,,,,,,,,,,,,,,
w,,,,,,,,,w,,,,,,,,,,,w,,,,,,,,,w,,,,,,,,,,,w,,,,,,,,,w,,,,,,,,,,,w,,,,,,,,,w,,,,,,,,,,,,,,,,,,,,
w,,,,,,,,,w,,,,,,,,,,,w,,,,,,,,,w,,,,,,,,,,,w,,,,,,,,,w,,,,,,,,,,,w,,,,,,,,,w,,,,,,,,,,,,,,,,,,,,
w,,,,,,,,,w,w,w,w,w,w,w,w,w,w,w,w,,,,,,,,,w,w,w,w,w,w,w,w,w,w,w,w,,,,,,,,,w,w,w,w,w,w,w,w,w,w,w,w,,,,,,,,,w,,,,,,,,,,,,,,,,,,,,
w,,,,,,,,,,w,,,,,,,,,,,,,,,,,,,,w,,,,,,,,,,,,,,,,,,,,w,,,,,,,,,,,,,,,,,,,w,,,,,,,,,,,,,,,,,,,,
w,,,,,,,,,,w,w,,,,,,,,,,,,,,,,,,,w,w,,,,,,,,,,,,,,,,,,,w,w,,,,,,,,,,,,,,,,,,w,,,,,,,,,,,,,,,,,,,,
w,,,,,,,,,w,w,w,w,w,w,w,w,w,w,w,w,,,,,,,,,w,w,w,w,w,w,w,w,w,w,w,w,,,,,,,,,w,w,w,w,w,w,w,w,w,w,w,w,,,,,,,,,w,,,,,,,,,,,,,,,,,,,,
w,,,,,,,,,w,,,,,,,,,,,w,,,,,,,,,w,,,,,,,,,,,w,,,,,,,,,w,,,,,,,,,,,w,,,,,,,,,w,,,,,,,,,,,,,,,,,,,,
w,,,,,,,,,w,,,,,,,,,,,w,,,,,,,,,w,,,,,,,,,,,w,,,,,,,,,w,,,,,,,,,,,w,,,,,,,,,w,,,,,,,,,,,,,,,,,,,,
w,w,w,w,w,w,w,w,w,w,,,,,,,,,,,w,w,w,w,,,w,w,w,w,,,,,,,,,,,w,w,w,w,w,w,w,w,w,w,,,,,,,,,,,w,w,w,w,w,w,w,w,w,w,,,,,,,,,,,,,,,,,,,,
,,,,,,,,,,,,,,,,,,,,,,,w,,,w,,,,,,,,,,,,,,,,,,,,,,,,,,,,,,,,,,,,,,,,,,,,,,,,,,,,,,,,,,,,,,,
,,,,,,,,,,,,,,,,,,,,,,,w,,,w,,,,,,,,,,,,,,,,,,,,,,,,,,,,,,,,,,,,,,,,,,,,,,,,,,,,,,,,,,,,,,,
,,,,,,,,,,,,,,,,,,,,,,,w,,,w,,,,,,,,,,,,,,,,,,,,,,,,,,,,,,,,,,,,,,,,,,,,,,,,,,,,,,,,,,,,,,,
,,,,,,,,,,,,,,,,,,,,,,,w,,,w,,,,,,,,,,,,,,,,,,,,,,,,,,,,,,,,,,,,,,,,,,,,,,,,,,,,,,,,,,,,,,,
,,,,,,,,,,,,,,,,,,,,,,,w,,,w,,,,,,,,,,,,,,,,,,,,,,,,,,,,,,,,,,,,,,,,,,,,,,,,,,,,,,,,,,,,,,,
,,,,,,,,,,,,,,,,,,,,,,,w,,,w,,,,,,,,,,,,,,,,,,,,,,,,,,,,,,,,,,,,,,,,,,,,,,,,,,,,,,,,,,,,,,,
,,,,,,,,,,,,,,,,,,,,,,,w,,,w,,,,,,,,,,,,,,,,,,,,,,,,,,,,,,,,,,,,,,,,,,,,,,,,,,,,,,,,,,,,,,,
,,,,,,,,,,,,,,,,,,,,,,,w,,,w,,,,,,,,,,,,,,,,,,,,,,,,,,,,,,,,,,,,,,,,,,,,,,,,,,,,,,,,,,,,,,,
,,,,,,,,,,,,,,,,,,,,,,,w,,w,w,,,,,,,,,,,,,,,,,,,,,,,,,,,,,,,,,,,,,,,,,,,,,,,,,,,,,,,,,,,,,,,
,,,,,,,,,,,,,,,,,,,,,,,w,w,w,w,,,,,,,,,,,,,,,,,,,,,,,,,,,,,,,,,,,,,,,,,,,,,,,,,,,,,,,,,,,,,,,
,,,,,,,,,,,,,,,,,,,,w,w,w,w,,,w,w,w,w,,,,,,,,,,,,,,,,,,,,,,,,,,,,,,,,,,,,,,,,,,,,,,,,,,,,,,,,,,,,
,,,,,,,,,,,,,,,,,,,,w,,,,,,,,,w,,,,,,,,,,,,,,,,,,,,,,,,,,,,,,,,,,,,,,,,,,,,,,,,,,,,,,,,,,,,
,,,,,,,,,,,,,,,,,,,,w,,,,,,,,,w,,,,,,,,,,,,,,,,,,,,,,,,,,,,,,,,,,,,,,,,,,,,,,,,,,,,,,,,,,,,
,,,,,,,,,,,,,,,,,,,,w,,,,,,,,,w,,,,,,,,,,,,,,,,,,,,,,,,,,,,,,,,,,,,,,,,,,,,,,,,,,,,,,,,,,,,
,,,,,,,,,,,,,,,,,,,,w,,,,,,,,,w,,,,,,,,,,,,,,,,,,,,,,,,,,,,,,,,,,,,,,,,,,,,,,,,,,,,,,,,,,,,
,,,,,,,,,,,,,,,,,,,,w,,,,,,,,,w,,,,,,,,,,,,,,,,,,,,,,,,,,,,,,,,,,,,,,,,,,,,,,,,,,,,,,,,,,,,
,,,,,,,,,,,,,,,,,,,,w,,,,,,,,,w,,,,,,,,,,,,,,,,,,,,,,,,,,,,,,,,,,,,,,,,,,,,,,,,,,,,,,,,,,,,
,,,,,,,,,,,,,,,,,,,,w,,,,,,,,,w,,,,,,,,,,,,,,,,,,,,,,,,,,,,,,,,,,,,,,,,,,,,,,,,,,,,,,,,,,,,
,,,,,,,,,,,,,,,,,,,,w,,,,,,,,,w,,,,,,,,,,,,,,,,,,,,,,,,,,,,,,,,,,,,,,,,,,,,,,,,,,,,,,,,,,,,
,,,,,,,,,,,,,,,,,,,,w,w,w,w,w,w,w,w,w,w,,,,,,,,,,,,,,,,,,,,,,,,,,,,,,,,,,,,,,,,,,,,,,,,,,,,,,,,,,,,
